[
  {
    "name": "Process Start",
    "start": 1617890563358,
    "end": 1617890564158,
    "duration": 800,
    "pid": 60226,
    "index": 0
  },
  {
    "name": "Application Start",
    "start": 1617890564158,
    "end": 1617890565608,
    "duration": 1450,
    "pid": 60226,
    "index": 1
  },
  {
    "name": "Load Plugin",
    "start": 1617890564214,
    "end": 1617890564253,
    "duration": 39,
    "pid": 60226,
    "index": 2
  },
  {
    "name": "Load Config",
    "start": 1617890564253,
    "end": 1617890564275,
    "duration": 22,
    "pid": 60226,
    "index": 3
  },
  {
    "name": "Require(0) config/config.default.js",
    "start": 1617890564254,
    "end": 1617890564254,
    "duration": 0,
    "pid": 60226,
    "index": 4
  },
  {
    "name": "Require(1) config/config.prod.js",
    "start": 1617890564255,
    "end": 1617890564255,
    "duration": 0,
    "pid": 60226,
    "index": 5
  },
  {
    "name": "Require(2) node_modules/egg-session/config/config.default.js",
    "start": 1617890564256,
    "end": 1617890564256,
    "duration": 0,
    "pid": 60226,
    "index": 6
  },
  {
    "name": "Require(3) node_modules/egg-security/config/config.default.js",
    "start": 1617890564257,
    "end": 1617890564257,
    "duration": 0,
    "pid": 60226,
    "index": 7
  },
  {
    "name": "Require(4) node_modules/egg-jsonp/config/config.default.js",
    "start": 1617890564258,
    "end": 1617890564259,
    "duration": 1,
    "pid": 60226,
    "index": 8
  },
  {
    "name": "Require(5) node_modules/egg-onerror/config/config.default.js",
    "start": 1617890564259,
    "end": 1617890564259,
    "duration": 0,
    "pid": 60226,
    "index": 9
  },
  {
    "name": "Require(6) node_modules/egg-i18n/config/config.default.js",
    "start": 1617890564259,
    "end": 1617890564259,
    "duration": 0,
    "pid": 60226,
    "index": 10
  },
  {
    "name": "Require(7) node_modules/egg-watcher/config/config.default.js",
    "start": 1617890564260,
    "end": 1617890564260,
    "duration": 0,
    "pid": 60226,
    "index": 11
  },
  {
    "name": "Require(8) node_modules/egg-schedule/config/config.default.js",
    "start": 1617890564260,
    "end": 1617890564260,
    "duration": 0,
    "pid": 60226,
    "index": 12
  },
  {
    "name": "Require(9) node_modules/egg-multipart/config/config.default.js",
    "start": 1617890564261,
    "end": 1617890564261,
    "duration": 0,
    "pid": 60226,
    "index": 13
  },
  {
    "name": "Require(10) node_modules/egg-logrotator/config/config.default.js",
    "start": 1617890564261,
    "end": 1617890564261,
    "duration": 0,
    "pid": 60226,
    "index": 14
  },
  {
    "name": "Require(11) node_modules/egg-static/config/config.default.js",
    "start": 1617890564262,
    "end": 1617890564262,
    "duration": 0,
    "pid": 60226,
    "index": 15
  },
  {
    "name": "Require(12) node_modules/egg-view/config/config.default.js",
    "start": 1617890564262,
    "end": 1617890564262,
    "duration": 0,
    "pid": 60226,
    "index": 16
  },
  {
    "name": "Require(13) node_modules/egg-validate/config/config.default.js",
    "start": 1617890564266,
    "end": 1617890564266,
    "duration": 0,
    "pid": 60226,
    "index": 17
  },
  {
    "name": "Require(14) node_modules/egg-view-ejs/config/config.default.js",
    "start": 1617890564266,
    "end": 1617890564267,
    "duration": 1,
    "pid": 60226,
    "index": 18
  },
  {
    "name": "Require(15) node_modules/egg-mysql/config/config.default.js",
    "start": 1617890564267,
    "end": 1617890564267,
    "duration": 0,
    "pid": 60226,
    "index": 19
  },
  {
    "name": "Require(16) node_modules/egg-sequelize/config/config.default.js",
    "start": 1617890564267,
    "end": 1617890564268,
    "duration": 1,
    "pid": 60226,
    "index": 20
  },
  {
    "name": "Require(17) node_modules/egg-jwt/config/config.default.js",
    "start": 1617890564268,
    "end": 1617890564268,
    "duration": 0,
    "pid": 60226,
    "index": 21
  },
  {
    "name": "Require(18) node_modules/egg-redis/config/config.default.js",
    "start": 1617890564268,
    "end": 1617890564268,
    "duration": 0,
    "pid": 60226,
    "index": 22
  },
  {
    "name": "Require(19) node_modules/egg/config/config.default.js",
    "start": 1617890564269,
    "end": 1617890564270,
    "duration": 1,
    "pid": 60226,
    "index": 23
  },
  {
    "name": "Require(20) config/config.default.js",
    "start": 1617890564271,
    "end": 1617890564271,
    "duration": 0,
    "pid": 60226,
    "index": 24
  },
  {
    "name": "Require(21) node_modules/egg-static/config/config.prod.js",
    "start": 1617890564274,
    "end": 1617890564274,
    "duration": 0,
    "pid": 60226,
    "index": 25
  },
  {
    "name": "Require(22) config/config.prod.js",
    "start": 1617890564274,
    "end": 1617890564274,
    "duration": 0,
    "pid": 60226,
    "index": 26
  },
  {
    "name": "Load extend/application.js",
    "start": 1617890564294,
    "end": 1617890564358,
    "duration": 64,
    "pid": 60226,
    "index": 27
  },
  {
    "name": "Require(23) node_modules/egg-session/app/extend/application.js",
    "start": 1617890564294,
    "end": 1617890564294,
    "duration": 0,
    "pid": 60226,
    "index": 28
  },
  {
    "name": "Require(24) node_modules/egg-security/app/extend/application.js",
    "start": 1617890564294,
    "end": 1617890564295,
    "duration": 1,
    "pid": 60226,
    "index": 29
  },
  {
    "name": "Require(25) node_modules/egg-jsonp/app/extend/application.js",
    "start": 1617890564295,
    "end": 1617890564295,
    "duration": 0,
    "pid": 60226,
    "index": 30
  },
  {
    "name": "Require(26) node_modules/egg-logrotator/app/extend/application.js",
    "start": 1617890564296,
    "end": 1617890564296,
    "duration": 0,
    "pid": 60226,
    "index": 31
  },
  {
    "name": "Require(27) node_modules/egg-view/app/extend/application.js",
    "start": 1617890564296,
    "end": 1617890564297,
    "duration": 1,
    "pid": 60226,
    "index": 32
  },
  {
    "name": "Require(28) node_modules/egg-jwt/app/extend/application.js",
    "start": 1617890564297,
    "end": 1617890564355,
    "duration": 58,
    "pid": 60226,
    "index": 33
  },
  {
    "name": "Require(29) app/extend/application.js",
    "start": 1617890564356,
    "end": 1617890564356,
    "duration": 0,
    "pid": 60226,
    "index": 34
  },
  {
    "name": "Load extend/request.js",
    "start": 1617890564358,
    "end": 1617890564363,
    "duration": 5,
    "pid": 60226,
    "index": 35
  },
  {
    "name": "Require(30) node_modules/egg/app/extend/request.js",
    "start": 1617890564359,
    "end": 1617890564359,
    "duration": 0,
    "pid": 60226,
    "index": 36
  },
  {
    "name": "Require(31) app/extend/request.js",
    "start": 1617890564360,
    "end": 1617890564360,
    "duration": 0,
    "pid": 60226,
    "index": 37
  },
  {
    "name": "Load extend/response.js",
    "start": 1617890564363,
    "end": 1617890564381,
    "duration": 18,
    "pid": 60226,
    "index": 38
  },
  {
    "name": "Require(32) node_modules/egg/app/extend/response.js",
    "start": 1617890564365,
    "end": 1617890564366,
    "duration": 1,
    "pid": 60226,
    "index": 39
  },
  {
    "name": "Require(33) app/extend/response.js",
    "start": 1617890564366,
    "end": 1617890564367,
    "duration": 1,
    "pid": 60226,
    "index": 40
  },
  {
    "name": "Load extend/context.js",
    "start": 1617890564381,
    "end": 1617890564431,
    "duration": 50,
    "pid": 60226,
    "index": 41
  },
  {
    "name": "Require(34) node_modules/egg-security/app/extend/context.js",
    "start": 1617890564381,
    "end": 1617890564386,
    "duration": 5,
    "pid": 60226,
    "index": 42
  },
  {
    "name": "Require(35) node_modules/egg-jsonp/app/extend/context.js",
    "start": 1617890564386,
    "end": 1617890564387,
    "duration": 1,
    "pid": 60226,
    "index": 43
  },
  {
    "name": "Require(36) node_modules/egg-i18n/app/extend/context.js",
    "start": 1617890564387,
    "end": 1617890564388,
    "duration": 1,
    "pid": 60226,
    "index": 44
  },
  {
    "name": "Require(37) node_modules/egg-multipart/app/extend/context.js",
    "start": 1617890564388,
    "end": 1617890564427,
    "duration": 39,
    "pid": 60226,
    "index": 45
  },
  {
    "name": "Require(38) node_modules/egg-view/app/extend/context.js",
    "start": 1617890564427,
    "end": 1617890564428,
    "duration": 1,
    "pid": 60226,
    "index": 46
  },
  {
    "name": "Require(39) node_modules/egg-validate/app/extend/context.js",
    "start": 1617890564428,
    "end": 1617890564428,
    "duration": 0,
    "pid": 60226,
    "index": 47
  },
  {
    "name": "Require(40) lib/plugin/egg-info/app/extend/context.js",
    "start": 1617890564428,
    "end": 1617890564429,
    "duration": 1,
    "pid": 60226,
    "index": 48
  },
  {
    "name": "Require(41) node_modules/egg/app/extend/context.js",
    "start": 1617890564429,
    "end": 1617890564430,
    "duration": 1,
    "pid": 60226,
    "index": 49
  },
  {
    "name": "Require(42) app/extend/context.js",
    "start": 1617890564430,
    "end": 1617890564430,
    "duration": 0,
    "pid": 60226,
    "index": 50
  },
  {
    "name": "Load extend/helper.js",
    "start": 1617890564431,
    "end": 1617890564482,
    "duration": 51,
    "pid": 60226,
    "index": 51
  },
  {
    "name": "Require(43) node_modules/egg-security/app/extend/helper.js",
    "start": 1617890564432,
    "end": 1617890564439,
    "duration": 7,
    "pid": 60226,
    "index": 52
  },
  {
    "name": "Require(44) node_modules/egg/app/extend/helper.js",
    "start": 1617890564440,
    "end": 1617890564440,
    "duration": 0,
    "pid": 60226,
    "index": 53
  },
  {
    "name": "Require(45) app/extend/helper.js",
    "start": 1617890564440,
    "end": 1617890564461,
    "duration": 21,
    "pid": 60226,
    "index": 54
  },
  {
    "name": "Load app.js",
    "start": 1617890564482,
    "end": 1617890564547,
    "duration": 65,
    "pid": 60226,
    "index": 55
  },
  {
    "name": "Require(46) node_modules/egg-session/app.js",
    "start": 1617890564482,
    "end": 1617890564482,
    "duration": 0,
    "pid": 60226,
    "index": 56
  },
  {
    "name": "Require(47) node_modules/egg-security/app.js",
    "start": 1617890564482,
    "end": 1617890564483,
    "duration": 1,
    "pid": 60226,
    "index": 57
  },
  {
    "name": "Require(48) node_modules/egg-onerror/app.js",
    "start": 1617890564483,
    "end": 1617890564493,
    "duration": 10,
    "pid": 60226,
    "index": 58
  },
  {
    "name": "Require(49) node_modules/egg-i18n/app.js",
    "start": 1617890564493,
    "end": 1617890564515,
    "duration": 22,
    "pid": 60226,
    "index": 59
  },
  {
    "name": "Require(50) node_modules/egg-watcher/app.js",
    "start": 1617890564515,
    "end": 1617890564516,
    "duration": 1,
    "pid": 60226,
    "index": 60
  },
  {
    "name": "Require(51) node_modules/egg-schedule/app.js",
    "start": 1617890564516,
    "end": 1617890564517,
    "duration": 1,
    "pid": 60226,
    "index": 61
  },
  {
    "name": "Require(52) node_modules/egg-multipart/app.js",
    "start": 1617890564517,
    "end": 1617890564517,
    "duration": 0,
    "pid": 60226,
    "index": 62
  },
  {
    "name": "Require(53) node_modules/egg-logrotator/app.js",
    "start": 1617890564518,
    "end": 1617890564518,
    "duration": 0,
    "pid": 60226,
    "index": 63
  },
  {
    "name": "Require(54) node_modules/egg-static/app.js",
    "start": 1617890564518,
    "end": 1617890564518,
    "duration": 0,
    "pid": 60226,
    "index": 64
  },
  {
    "name": "Require(55) node_modules/egg-validate/app.js",
    "start": 1617890564518,
    "end": 1617890564524,
    "duration": 6,
    "pid": 60226,
    "index": 65
  },
  {
    "name": "Require(56) node_modules/egg-view-ejs/app.js",
    "start": 1617890564524,
    "end": 1617890564524,
    "duration": 0,
    "pid": 60226,
    "index": 66
  },
  {
    "name": "Require(57) node_modules/egg-mysql/app.js",
    "start": 1617890564525,
    "end": 1617890564545,
    "duration": 20,
    "pid": 60226,
    "index": 67
  },
  {
    "name": "Require(58) node_modules/egg-sequelize/app.js",
    "start": 1617890564545,
    "end": 1617890564545,
    "duration": 0,
    "pid": 60226,
    "index": 68
  },
  {
    "name": "Require(59) node_modules/egg-jwt/app.js",
    "start": 1617890564545,
    "end": 1617890564545,
    "duration": 0,
    "pid": 60226,
    "index": 69
  },
  {
    "name": "Require(60) node_modules/egg-redis/app.js",
    "start": 1617890564545,
    "end": 1617890564546,
    "duration": 1,
    "pid": 60226,
    "index": 70
  },
  {
    "name": "Require(61) app.js",
    "start": 1617890564546,
    "end": 1617890564547,
    "duration": 1,
    "pid": 60226,
    "index": 71
  },
  {
    "name": "Before Start in node_modules/egg-watcher/lib/init.js:15:14",
    "start": 1617890564561,
    "end": 1617890565496,
    "duration": 935,
    "pid": 60226,
    "index": 72
  },
  {
    "name": "Before Start in node_modules/egg-mysql/lib/mysql.js:20:7",
    "start": 1617890564687,
    "end": 1617890565520,
    "duration": 833,
    "pid": 60226,
    "index": 73
  },
  {
    "name": "Load \"Symbol(model)\" to Application",
    "start": 1617890565104,
    "end": 1617890565122,
    "duration": 18,
    "pid": 60226,
    "index": 74
  },
  {
    "name": "Before Start in node_modules/egg-sequelize/lib/loader.js:39:7",
    "start": 1617890565152,
    "end": 1617890565607,
    "duration": 455,
    "pid": 60226,
    "index": 75
  },
  {
    "name": "Before Start in node_modules/egg-redis/lib/redis.js:53:7",
    "start": 1617890565225,
    "end": 1617890565499,
    "duration": 274,
    "pid": 60226,
    "index": 76
  },
  {
    "name": "Load Service",
    "start": 1617890565226,
    "end": 1617890565262,
    "duration": 36,
    "pid": 60226,
    "index": 77
  },
  {
    "name": "Load \"service\" to Context",
    "start": 1617890565226,
    "end": 1617890565262,
    "duration": 36,
    "pid": 60226,
    "index": 78
  },
  {
    "name": "Load Middleware",
    "start": 1617890565262,
    "end": 1617890565429,
    "duration": 167,
    "pid": 60226,
    "index": 79
  },
  {
    "name": "Load \"middlewares\" to Application",
    "start": 1617890565262,
    "end": 1617890565363,
    "duration": 101,
    "pid": 60226,
    "index": 80
  },
  {
    "name": "Load Controller",
    "start": 1617890565429,
    "end": 1617890565433,
    "duration": 4,
    "pid": 60226,
    "index": 81
  },
  {
    "name": "Load \"controller\" to Application",
    "start": 1617890565429,
    "end": 1617890565433,
    "duration": 4,
    "pid": 60226,
    "index": 82
  },
  {
    "name": "Load Router",
    "start": 1617890565433,
    "end": 1617890565448,
    "duration": 15,
    "pid": 60226,
    "index": 83
  },
  {
    "name": "Require(62) app/router.js",
    "start": 1617890565433,
    "end": 1617890565434,
    "duration": 1,
    "pid": 60226,
    "index": 84
  },
  {
    "name": "Before Start in node_modules/egg-core/lib/egg.js:303:10",
    "start": 1617890565434,
    "end": 1617890565482,
    "duration": 48,
    "pid": 60226,
    "index": 85
  }
]