[
  {
    "name": "Process Start",
    "start": 1617890421092,
    "end": 1617890421938,
    "duration": 846,
    "pid": 59982,
    "index": 0
  },
  {
    "name": "Application Start",
    "start": 1617890421938,
    "end": 1617890423520,
    "duration": 1582,
    "pid": 59982,
    "index": 1
  },
  {
    "name": "Load Plugin",
    "start": 1617890421994,
    "end": 1617890422014,
    "duration": 20,
    "pid": 59982,
    "index": 2
  },
  {
    "name": "Load Config",
    "start": 1617890422014,
    "end": 1617890422051,
    "duration": 37,
    "pid": 59982,
    "index": 3
  },
  {
    "name": "Require(0) config/config.default.js",
    "start": 1617890422014,
    "end": 1617890422015,
    "duration": 1,
    "pid": 59982,
    "index": 4
  },
  {
    "name": "Require(1) config/config.prod.js",
    "start": 1617890422017,
    "end": 1617890422022,
    "duration": 5,
    "pid": 59982,
    "index": 5
  },
  {
    "name": "Require(2) node_modules/egg-session/config/config.default.js",
    "start": 1617890422022,
    "end": 1617890422023,
    "duration": 1,
    "pid": 59982,
    "index": 6
  },
  {
    "name": "Require(3) node_modules/egg-security/config/config.default.js",
    "start": 1617890422023,
    "end": 1617890422023,
    "duration": 0,
    "pid": 59982,
    "index": 7
  },
  {
    "name": "Require(4) node_modules/egg-jsonp/config/config.default.js",
    "start": 1617890422024,
    "end": 1617890422024,
    "duration": 0,
    "pid": 59982,
    "index": 8
  },
  {
    "name": "Require(5) node_modules/egg-onerror/config/config.default.js",
    "start": 1617890422024,
    "end": 1617890422024,
    "duration": 0,
    "pid": 59982,
    "index": 9
  },
  {
    "name": "Require(6) node_modules/egg-i18n/config/config.default.js",
    "start": 1617890422024,
    "end": 1617890422025,
    "duration": 1,
    "pid": 59982,
    "index": 10
  },
  {
    "name": "Require(7) node_modules/egg-watcher/config/config.default.js",
    "start": 1617890422025,
    "end": 1617890422025,
    "duration": 0,
    "pid": 59982,
    "index": 11
  },
  {
    "name": "Require(8) node_modules/egg-schedule/config/config.default.js",
    "start": 1617890422025,
    "end": 1617890422025,
    "duration": 0,
    "pid": 59982,
    "index": 12
  },
  {
    "name": "Require(9) node_modules/egg-multipart/config/config.default.js",
    "start": 1617890422026,
    "end": 1617890422026,
    "duration": 0,
    "pid": 59982,
    "index": 13
  },
  {
    "name": "Require(10) node_modules/egg-logrotator/config/config.default.js",
    "start": 1617890422026,
    "end": 1617890422026,
    "duration": 0,
    "pid": 59982,
    "index": 14
  },
  {
    "name": "Require(11) node_modules/egg-static/config/config.default.js",
    "start": 1617890422027,
    "end": 1617890422027,
    "duration": 0,
    "pid": 59982,
    "index": 15
  },
  {
    "name": "Require(12) node_modules/egg-view/config/config.default.js",
    "start": 1617890422027,
    "end": 1617890422027,
    "duration": 0,
    "pid": 59982,
    "index": 16
  },
  {
    "name": "Require(13) node_modules/egg-validate/config/config.default.js",
    "start": 1617890422028,
    "end": 1617890422028,
    "duration": 0,
    "pid": 59982,
    "index": 17
  },
  {
    "name": "Require(14) node_modules/egg-view-ejs/config/config.default.js",
    "start": 1617890422028,
    "end": 1617890422028,
    "duration": 0,
    "pid": 59982,
    "index": 18
  },
  {
    "name": "Require(15) node_modules/egg-mysql/config/config.default.js",
    "start": 1617890422029,
    "end": 1617890422029,
    "duration": 0,
    "pid": 59982,
    "index": 19
  },
  {
    "name": "Require(16) node_modules/egg-sequelize/config/config.default.js",
    "start": 1617890422029,
    "end": 1617890422029,
    "duration": 0,
    "pid": 59982,
    "index": 20
  },
  {
    "name": "Require(17) node_modules/egg-jwt/config/config.default.js",
    "start": 1617890422029,
    "end": 1617890422030,
    "duration": 1,
    "pid": 59982,
    "index": 21
  },
  {
    "name": "Require(18) node_modules/egg-redis/config/config.default.js",
    "start": 1617890422030,
    "end": 1617890422030,
    "duration": 0,
    "pid": 59982,
    "index": 22
  },
  {
    "name": "Require(19) node_modules/egg/config/config.default.js",
    "start": 1617890422031,
    "end": 1617890422031,
    "duration": 0,
    "pid": 59982,
    "index": 23
  },
  {
    "name": "Require(20) config/config.default.js",
    "start": 1617890422049,
    "end": 1617890422049,
    "duration": 0,
    "pid": 59982,
    "index": 24
  },
  {
    "name": "Require(21) node_modules/egg-static/config/config.prod.js",
    "start": 1617890422049,
    "end": 1617890422050,
    "duration": 1,
    "pid": 59982,
    "index": 25
  },
  {
    "name": "Require(22) config/config.prod.js",
    "start": 1617890422050,
    "end": 1617890422050,
    "duration": 0,
    "pid": 59982,
    "index": 26
  },
  {
    "name": "Load extend/application.js",
    "start": 1617890422111,
    "end": 1617890422135,
    "duration": 24,
    "pid": 59982,
    "index": 27
  },
  {
    "name": "Require(23) node_modules/egg-session/app/extend/application.js",
    "start": 1617890422111,
    "end": 1617890422112,
    "duration": 1,
    "pid": 59982,
    "index": 28
  },
  {
    "name": "Require(24) node_modules/egg-security/app/extend/application.js",
    "start": 1617890422112,
    "end": 1617890422112,
    "duration": 0,
    "pid": 59982,
    "index": 29
  },
  {
    "name": "Require(25) node_modules/egg-jsonp/app/extend/application.js",
    "start": 1617890422113,
    "end": 1617890422113,
    "duration": 0,
    "pid": 59982,
    "index": 30
  },
  {
    "name": "Require(26) node_modules/egg-logrotator/app/extend/application.js",
    "start": 1617890422114,
    "end": 1617890422114,
    "duration": 0,
    "pid": 59982,
    "index": 31
  },
  {
    "name": "Require(27) node_modules/egg-view/app/extend/application.js",
    "start": 1617890422114,
    "end": 1617890422115,
    "duration": 1,
    "pid": 59982,
    "index": 32
  },
  {
    "name": "Require(28) node_modules/egg-jwt/app/extend/application.js",
    "start": 1617890422115,
    "end": 1617890422133,
    "duration": 18,
    "pid": 59982,
    "index": 33
  },
  {
    "name": "Require(29) app/extend/application.js",
    "start": 1617890422134,
    "end": 1617890422134,
    "duration": 0,
    "pid": 59982,
    "index": 34
  },
  {
    "name": "Load extend/request.js",
    "start": 1617890422135,
    "end": 1617890422139,
    "duration": 4,
    "pid": 59982,
    "index": 35
  },
  {
    "name": "Require(30) node_modules/egg/app/extend/request.js",
    "start": 1617890422137,
    "end": 1617890422137,
    "duration": 0,
    "pid": 59982,
    "index": 36
  },
  {
    "name": "Require(31) app/extend/request.js",
    "start": 1617890422137,
    "end": 1617890422137,
    "duration": 0,
    "pid": 59982,
    "index": 37
  },
  {
    "name": "Load extend/response.js",
    "start": 1617890422139,
    "end": 1617890422152,
    "duration": 13,
    "pid": 59982,
    "index": 38
  },
  {
    "name": "Require(32) node_modules/egg/app/extend/response.js",
    "start": 1617890422141,
    "end": 1617890422142,
    "duration": 1,
    "pid": 59982,
    "index": 39
  },
  {
    "name": "Require(33) app/extend/response.js",
    "start": 1617890422142,
    "end": 1617890422142,
    "duration": 0,
    "pid": 59982,
    "index": 40
  },
  {
    "name": "Load extend/context.js",
    "start": 1617890422153,
    "end": 1617890422242,
    "duration": 89,
    "pid": 59982,
    "index": 41
  },
  {
    "name": "Require(34) node_modules/egg-security/app/extend/context.js",
    "start": 1617890422153,
    "end": 1617890422157,
    "duration": 4,
    "pid": 59982,
    "index": 42
  },
  {
    "name": "Require(35) node_modules/egg-jsonp/app/extend/context.js",
    "start": 1617890422158,
    "end": 1617890422158,
    "duration": 0,
    "pid": 59982,
    "index": 43
  },
  {
    "name": "Require(36) node_modules/egg-i18n/app/extend/context.js",
    "start": 1617890422158,
    "end": 1617890422159,
    "duration": 1,
    "pid": 59982,
    "index": 44
  },
  {
    "name": "Require(37) node_modules/egg-multipart/app/extend/context.js",
    "start": 1617890422159,
    "end": 1617890422230,
    "duration": 71,
    "pid": 59982,
    "index": 45
  },
  {
    "name": "Require(38) node_modules/egg-view/app/extend/context.js",
    "start": 1617890422230,
    "end": 1617890422238,
    "duration": 8,
    "pid": 59982,
    "index": 46
  },
  {
    "name": "Require(39) node_modules/egg-validate/app/extend/context.js",
    "start": 1617890422239,
    "end": 1617890422239,
    "duration": 0,
    "pid": 59982,
    "index": 47
  },
  {
    "name": "Require(40) lib/plugin/egg-info/app/extend/context.js",
    "start": 1617890422239,
    "end": 1617890422239,
    "duration": 0,
    "pid": 59982,
    "index": 48
  },
  {
    "name": "Require(41) node_modules/egg/app/extend/context.js",
    "start": 1617890422240,
    "end": 1617890422240,
    "duration": 0,
    "pid": 59982,
    "index": 49
  },
  {
    "name": "Require(42) app/extend/context.js",
    "start": 1617890422240,
    "end": 1617890422241,
    "duration": 1,
    "pid": 59982,
    "index": 50
  },
  {
    "name": "Load extend/helper.js",
    "start": 1617890422242,
    "end": 1617890422265,
    "duration": 23,
    "pid": 59982,
    "index": 51
  },
  {
    "name": "Require(43) node_modules/egg-security/app/extend/helper.js",
    "start": 1617890422242,
    "end": 1617890422261,
    "duration": 19,
    "pid": 59982,
    "index": 52
  },
  {
    "name": "Require(44) node_modules/egg/app/extend/helper.js",
    "start": 1617890422262,
    "end": 1617890422262,
    "duration": 0,
    "pid": 59982,
    "index": 53
  },
  {
    "name": "Require(45) app/extend/helper.js",
    "start": 1617890422262,
    "end": 1617890422263,
    "duration": 1,
    "pid": 59982,
    "index": 54
  },
  {
    "name": "Load app.js",
    "start": 1617890422265,
    "end": 1617890422337,
    "duration": 72,
    "pid": 59982,
    "index": 55
  },
  {
    "name": "Require(46) node_modules/egg-session/app.js",
    "start": 1617890422265,
    "end": 1617890422266,
    "duration": 1,
    "pid": 59982,
    "index": 56
  },
  {
    "name": "Require(47) node_modules/egg-security/app.js",
    "start": 1617890422266,
    "end": 1617890422266,
    "duration": 0,
    "pid": 59982,
    "index": 57
  },
  {
    "name": "Require(48) node_modules/egg-onerror/app.js",
    "start": 1617890422267,
    "end": 1617890422289,
    "duration": 22,
    "pid": 59982,
    "index": 58
  },
  {
    "name": "Require(49) node_modules/egg-i18n/app.js",
    "start": 1617890422289,
    "end": 1617890422295,
    "duration": 6,
    "pid": 59982,
    "index": 59
  },
  {
    "name": "Require(50) node_modules/egg-watcher/app.js",
    "start": 1617890422296,
    "end": 1617890422311,
    "duration": 15,
    "pid": 59982,
    "index": 60
  },
  {
    "name": "Require(51) node_modules/egg-schedule/app.js",
    "start": 1617890422311,
    "end": 1617890422312,
    "duration": 1,
    "pid": 59982,
    "index": 61
  },
  {
    "name": "Require(52) node_modules/egg-multipart/app.js",
    "start": 1617890422312,
    "end": 1617890422312,
    "duration": 0,
    "pid": 59982,
    "index": 62
  },
  {
    "name": "Require(53) node_modules/egg-logrotator/app.js",
    "start": 1617890422313,
    "end": 1617890422313,
    "duration": 0,
    "pid": 59982,
    "index": 63
  },
  {
    "name": "Require(54) node_modules/egg-static/app.js",
    "start": 1617890422313,
    "end": 1617890422313,
    "duration": 0,
    "pid": 59982,
    "index": 64
  },
  {
    "name": "Require(55) node_modules/egg-validate/app.js",
    "start": 1617890422313,
    "end": 1617890422316,
    "duration": 3,
    "pid": 59982,
    "index": 65
  },
  {
    "name": "Require(56) node_modules/egg-view-ejs/app.js",
    "start": 1617890422316,
    "end": 1617890422316,
    "duration": 0,
    "pid": 59982,
    "index": 66
  },
  {
    "name": "Require(57) node_modules/egg-mysql/app.js",
    "start": 1617890422316,
    "end": 1617890422335,
    "duration": 19,
    "pid": 59982,
    "index": 67
  },
  {
    "name": "Require(58) node_modules/egg-sequelize/app.js",
    "start": 1617890422335,
    "end": 1617890422335,
    "duration": 0,
    "pid": 59982,
    "index": 68
  },
  {
    "name": "Require(59) node_modules/egg-jwt/app.js",
    "start": 1617890422335,
    "end": 1617890422335,
    "duration": 0,
    "pid": 59982,
    "index": 69
  },
  {
    "name": "Require(60) node_modules/egg-redis/app.js",
    "start": 1617890422335,
    "end": 1617890422336,
    "duration": 1,
    "pid": 59982,
    "index": 70
  },
  {
    "name": "Require(61) app.js",
    "start": 1617890422337,
    "end": 1617890422337,
    "duration": 0,
    "pid": 59982,
    "index": 71
  },
  {
    "name": "Before Start in node_modules/egg-watcher/lib/init.js:15:14",
    "start": 1617890422343,
    "end": 1617890423371,
    "duration": 1028,
    "pid": 59982,
    "index": 72
  },
  {
    "name": "Before Start in node_modules/egg-mysql/lib/mysql.js:20:7",
    "start": 1617890422449,
    "end": 1617890423427,
    "duration": 978,
    "pid": 59982,
    "index": 73
  },
  {
    "name": "Load \"Symbol(model)\" to Application",
    "start": 1617890422909,
    "end": 1617890422924,
    "duration": 15,
    "pid": 59982,
    "index": 74
  },
  {
    "name": "Before Start in node_modules/egg-sequelize/lib/loader.js:39:7",
    "start": 1617890422930,
    "end": 1617890423520,
    "duration": 590,
    "pid": 59982,
    "index": 75
  },
  {
    "name": "Before Start in node_modules/egg-redis/lib/redis.js:53:7",
    "start": 1617890422968,
    "end": 1617890423407,
    "duration": 439,
    "pid": 59982,
    "index": 76
  },
  {
    "name": "Load Service",
    "start": 1617890422969,
    "end": 1617890422979,
    "duration": 10,
    "pid": 59982,
    "index": 77
  },
  {
    "name": "Load \"service\" to Context",
    "start": 1617890422969,
    "end": 1617890422979,
    "duration": 10,
    "pid": 59982,
    "index": 78
  },
  {
    "name": "Load Middleware",
    "start": 1617890422979,
    "end": 1617890423273,
    "duration": 294,
    "pid": 59982,
    "index": 79
  },
  {
    "name": "Load \"middlewares\" to Application",
    "start": 1617890422979,
    "end": 1617890423243,
    "duration": 264,
    "pid": 59982,
    "index": 80
  },
  {
    "name": "Load Controller",
    "start": 1617890423273,
    "end": 1617890423276,
    "duration": 3,
    "pid": 59982,
    "index": 81
  },
  {
    "name": "Load \"controller\" to Application",
    "start": 1617890423273,
    "end": 1617890423276,
    "duration": 3,
    "pid": 59982,
    "index": 82
  },
  {
    "name": "Load Router",
    "start": 1617890423276,
    "end": 1617890423278,
    "duration": 2,
    "pid": 59982,
    "index": 83
  },
  {
    "name": "Require(62) app/router.js",
    "start": 1617890423276,
    "end": 1617890423277,
    "duration": 1,
    "pid": 59982,
    "index": 84
  },
  {
    "name": "Before Start in node_modules/egg-core/lib/egg.js:303:10",
    "start": 1617890423277,
    "end": 1617890423354,
    "duration": 77,
    "pid": 59982,
    "index": 85
  }
]