[
  {
    "name": "Process Start",
    "start": 1617890563315,
    "end": 1617890564151,
    "duration": 836,
    "pid": 60224,
    "index": 0
  },
  {
    "name": "Application Start",
    "start": 1617890564152,
    "end": 1617890565632,
    "duration": 1480,
    "pid": 60224,
    "index": 1
  },
  {
    "name": "Load Plugin",
    "start": 1617890564169,
    "end": 1617890564229,
    "duration": 60,
    "pid": 60224,
    "index": 2
  },
  {
    "name": "Load Config",
    "start": 1617890564229,
    "end": 1617890564264,
    "duration": 35,
    "pid": 60224,
    "index": 3
  },
  {
    "name": "Require(0) config/config.default.js",
    "start": 1617890564230,
    "end": 1617890564234,
    "duration": 4,
    "pid": 60224,
    "index": 4
  },
  {
    "name": "Require(1) config/config.prod.js",
    "start": 1617890564235,
    "end": 1617890564236,
    "duration": 1,
    "pid": 60224,
    "index": 5
  },
  {
    "name": "Require(2) node_modules/egg-session/config/config.default.js",
    "start": 1617890564236,
    "end": 1617890564237,
    "duration": 1,
    "pid": 60224,
    "index": 6
  },
  {
    "name": "Require(3) node_modules/egg-security/config/config.default.js",
    "start": 1617890564237,
    "end": 1617890564237,
    "duration": 0,
    "pid": 60224,
    "index": 7
  },
  {
    "name": "Require(4) node_modules/egg-jsonp/config/config.default.js",
    "start": 1617890564238,
    "end": 1617890564238,
    "duration": 0,
    "pid": 60224,
    "index": 8
  },
  {
    "name": "Require(5) node_modules/egg-onerror/config/config.default.js",
    "start": 1617890564238,
    "end": 1617890564238,
    "duration": 0,
    "pid": 60224,
    "index": 9
  },
  {
    "name": "Require(6) node_modules/egg-i18n/config/config.default.js",
    "start": 1617890564238,
    "end": 1617890564239,
    "duration": 1,
    "pid": 60224,
    "index": 10
  },
  {
    "name": "Require(7) node_modules/egg-watcher/config/config.default.js",
    "start": 1617890564239,
    "end": 1617890564239,
    "duration": 0,
    "pid": 60224,
    "index": 11
  },
  {
    "name": "Require(8) node_modules/egg-schedule/config/config.default.js",
    "start": 1617890564240,
    "end": 1617890564240,
    "duration": 0,
    "pid": 60224,
    "index": 12
  },
  {
    "name": "Require(9) node_modules/egg-multipart/config/config.default.js",
    "start": 1617890564240,
    "end": 1617890564240,
    "duration": 0,
    "pid": 60224,
    "index": 13
  },
  {
    "name": "Require(10) node_modules/egg-logrotator/config/config.default.js",
    "start": 1617890564241,
    "end": 1617890564241,
    "duration": 0,
    "pid": 60224,
    "index": 14
  },
  {
    "name": "Require(11) node_modules/egg-static/config/config.default.js",
    "start": 1617890564241,
    "end": 1617890564241,
    "duration": 0,
    "pid": 60224,
    "index": 15
  },
  {
    "name": "Require(12) node_modules/egg-view/config/config.default.js",
    "start": 1617890564241,
    "end": 1617890564242,
    "duration": 1,
    "pid": 60224,
    "index": 16
  },
  {
    "name": "Require(13) node_modules/egg-validate/config/config.default.js",
    "start": 1617890564242,
    "end": 1617890564242,
    "duration": 0,
    "pid": 60224,
    "index": 17
  },
  {
    "name": "Require(14) node_modules/egg-view-ejs/config/config.default.js",
    "start": 1617890564242,
    "end": 1617890564242,
    "duration": 0,
    "pid": 60224,
    "index": 18
  },
  {
    "name": "Require(15) node_modules/egg-mysql/config/config.default.js",
    "start": 1617890564243,
    "end": 1617890564243,
    "duration": 0,
    "pid": 60224,
    "index": 19
  },
  {
    "name": "Require(16) node_modules/egg-sequelize/config/config.default.js",
    "start": 1617890564243,
    "end": 1617890564243,
    "duration": 0,
    "pid": 60224,
    "index": 20
  },
  {
    "name": "Require(17) node_modules/egg-jwt/config/config.default.js",
    "start": 1617890564244,
    "end": 1617890564244,
    "duration": 0,
    "pid": 60224,
    "index": 21
  },
  {
    "name": "Require(18) node_modules/egg-redis/config/config.default.js",
    "start": 1617890564244,
    "end": 1617890564260,
    "duration": 16,
    "pid": 60224,
    "index": 22
  },
  {
    "name": "Require(19) node_modules/egg/config/config.default.js",
    "start": 1617890564260,
    "end": 1617890564261,
    "duration": 1,
    "pid": 60224,
    "index": 23
  },
  {
    "name": "Require(20) config/config.default.js",
    "start": 1617890564262,
    "end": 1617890564262,
    "duration": 0,
    "pid": 60224,
    "index": 24
  },
  {
    "name": "Require(21) node_modules/egg-static/config/config.prod.js",
    "start": 1617890564262,
    "end": 1617890564263,
    "duration": 1,
    "pid": 60224,
    "index": 25
  },
  {
    "name": "Require(22) config/config.prod.js",
    "start": 1617890564263,
    "end": 1617890564263,
    "duration": 0,
    "pid": 60224,
    "index": 26
  },
  {
    "name": "Load extend/application.js",
    "start": 1617890564294,
    "end": 1617890564359,
    "duration": 65,
    "pid": 60224,
    "index": 27
  },
  {
    "name": "Require(23) node_modules/egg-session/app/extend/application.js",
    "start": 1617890564294,
    "end": 1617890564294,
    "duration": 0,
    "pid": 60224,
    "index": 28
  },
  {
    "name": "Require(24) node_modules/egg-security/app/extend/application.js",
    "start": 1617890564295,
    "end": 1617890564295,
    "duration": 0,
    "pid": 60224,
    "index": 29
  },
  {
    "name": "Require(25) node_modules/egg-jsonp/app/extend/application.js",
    "start": 1617890564295,
    "end": 1617890564296,
    "duration": 1,
    "pid": 60224,
    "index": 30
  },
  {
    "name": "Require(26) node_modules/egg-logrotator/app/extend/application.js",
    "start": 1617890564296,
    "end": 1617890564297,
    "duration": 1,
    "pid": 60224,
    "index": 31
  },
  {
    "name": "Require(27) node_modules/egg-view/app/extend/application.js",
    "start": 1617890564297,
    "end": 1617890564297,
    "duration": 0,
    "pid": 60224,
    "index": 32
  },
  {
    "name": "Require(28) node_modules/egg-jwt/app/extend/application.js",
    "start": 1617890564298,
    "end": 1617890564315,
    "duration": 17,
    "pid": 60224,
    "index": 33
  },
  {
    "name": "Require(29) app/extend/application.js",
    "start": 1617890564358,
    "end": 1617890564358,
    "duration": 0,
    "pid": 60224,
    "index": 34
  },
  {
    "name": "Load extend/request.js",
    "start": 1617890564359,
    "end": 1617890564363,
    "duration": 4,
    "pid": 60224,
    "index": 35
  },
  {
    "name": "Require(30) node_modules/egg/app/extend/request.js",
    "start": 1617890564361,
    "end": 1617890564361,
    "duration": 0,
    "pid": 60224,
    "index": 36
  },
  {
    "name": "Require(31) app/extend/request.js",
    "start": 1617890564361,
    "end": 1617890564361,
    "duration": 0,
    "pid": 60224,
    "index": 37
  },
  {
    "name": "Load extend/response.js",
    "start": 1617890564363,
    "end": 1617890564369,
    "duration": 6,
    "pid": 60224,
    "index": 38
  },
  {
    "name": "Require(32) node_modules/egg/app/extend/response.js",
    "start": 1617890564367,
    "end": 1617890564368,
    "duration": 1,
    "pid": 60224,
    "index": 39
  },
  {
    "name": "Require(33) app/extend/response.js",
    "start": 1617890564368,
    "end": 1617890564368,
    "duration": 0,
    "pid": 60224,
    "index": 40
  },
  {
    "name": "Load extend/context.js",
    "start": 1617890564369,
    "end": 1617890564429,
    "duration": 60,
    "pid": 60224,
    "index": 41
  },
  {
    "name": "Require(34) node_modules/egg-security/app/extend/context.js",
    "start": 1617890564370,
    "end": 1617890564394,
    "duration": 24,
    "pid": 60224,
    "index": 42
  },
  {
    "name": "Require(35) node_modules/egg-jsonp/app/extend/context.js",
    "start": 1617890564394,
    "end": 1617890564395,
    "duration": 1,
    "pid": 60224,
    "index": 43
  },
  {
    "name": "Require(36) node_modules/egg-i18n/app/extend/context.js",
    "start": 1617890564395,
    "end": 1617890564395,
    "duration": 0,
    "pid": 60224,
    "index": 44
  },
  {
    "name": "Require(37) node_modules/egg-multipart/app/extend/context.js",
    "start": 1617890564396,
    "end": 1617890564424,
    "duration": 28,
    "pid": 60224,
    "index": 45
  },
  {
    "name": "Require(38) node_modules/egg-view/app/extend/context.js",
    "start": 1617890564424,
    "end": 1617890564426,
    "duration": 2,
    "pid": 60224,
    "index": 46
  },
  {
    "name": "Require(39) node_modules/egg-validate/app/extend/context.js",
    "start": 1617890564426,
    "end": 1617890564426,
    "duration": 0,
    "pid": 60224,
    "index": 47
  },
  {
    "name": "Require(40) lib/plugin/egg-info/app/extend/context.js",
    "start": 1617890564426,
    "end": 1617890564427,
    "duration": 1,
    "pid": 60224,
    "index": 48
  },
  {
    "name": "Require(41) node_modules/egg/app/extend/context.js",
    "start": 1617890564427,
    "end": 1617890564428,
    "duration": 1,
    "pid": 60224,
    "index": 49
  },
  {
    "name": "Require(42) app/extend/context.js",
    "start": 1617890564428,
    "end": 1617890564428,
    "duration": 0,
    "pid": 60224,
    "index": 50
  },
  {
    "name": "Load extend/helper.js",
    "start": 1617890564429,
    "end": 1617890564475,
    "duration": 46,
    "pid": 60224,
    "index": 51
  },
  {
    "name": "Require(43) node_modules/egg-security/app/extend/helper.js",
    "start": 1617890564429,
    "end": 1617890564458,
    "duration": 29,
    "pid": 60224,
    "index": 52
  },
  {
    "name": "Require(44) node_modules/egg/app/extend/helper.js",
    "start": 1617890564461,
    "end": 1617890564461,
    "duration": 0,
    "pid": 60224,
    "index": 53
  },
  {
    "name": "Require(45) app/extend/helper.js",
    "start": 1617890564462,
    "end": 1617890564464,
    "duration": 2,
    "pid": 60224,
    "index": 54
  },
  {
    "name": "Load app.js",
    "start": 1617890564475,
    "end": 1617890564549,
    "duration": 74,
    "pid": 60224,
    "index": 55
  },
  {
    "name": "Require(46) node_modules/egg-session/app.js",
    "start": 1617890564475,
    "end": 1617890564475,
    "duration": 0,
    "pid": 60224,
    "index": 56
  },
  {
    "name": "Require(47) node_modules/egg-security/app.js",
    "start": 1617890564475,
    "end": 1617890564476,
    "duration": 1,
    "pid": 60224,
    "index": 57
  },
  {
    "name": "Require(48) node_modules/egg-onerror/app.js",
    "start": 1617890564476,
    "end": 1617890564480,
    "duration": 4,
    "pid": 60224,
    "index": 58
  },
  {
    "name": "Require(49) node_modules/egg-i18n/app.js",
    "start": 1617890564480,
    "end": 1617890564528,
    "duration": 48,
    "pid": 60224,
    "index": 59
  },
  {
    "name": "Require(50) node_modules/egg-watcher/app.js",
    "start": 1617890564528,
    "end": 1617890564529,
    "duration": 1,
    "pid": 60224,
    "index": 60
  },
  {
    "name": "Require(51) node_modules/egg-schedule/app.js",
    "start": 1617890564529,
    "end": 1617890564530,
    "duration": 1,
    "pid": 60224,
    "index": 61
  },
  {
    "name": "Require(52) node_modules/egg-multipart/app.js",
    "start": 1617890564530,
    "end": 1617890564530,
    "duration": 0,
    "pid": 60224,
    "index": 62
  },
  {
    "name": "Require(53) node_modules/egg-logrotator/app.js",
    "start": 1617890564530,
    "end": 1617890564531,
    "duration": 1,
    "pid": 60224,
    "index": 63
  },
  {
    "name": "Require(54) node_modules/egg-static/app.js",
    "start": 1617890564531,
    "end": 1617890564531,
    "duration": 0,
    "pid": 60224,
    "index": 64
  },
  {
    "name": "Require(55) node_modules/egg-validate/app.js",
    "start": 1617890564531,
    "end": 1617890564532,
    "duration": 1,
    "pid": 60224,
    "index": 65
  },
  {
    "name": "Require(56) node_modules/egg-view-ejs/app.js",
    "start": 1617890564535,
    "end": 1617890564535,
    "duration": 0,
    "pid": 60224,
    "index": 66
  },
  {
    "name": "Require(57) node_modules/egg-mysql/app.js",
    "start": 1617890564536,
    "end": 1617890564547,
    "duration": 11,
    "pid": 60224,
    "index": 67
  },
  {
    "name": "Require(58) node_modules/egg-sequelize/app.js",
    "start": 1617890564547,
    "end": 1617890564547,
    "duration": 0,
    "pid": 60224,
    "index": 68
  },
  {
    "name": "Require(59) node_modules/egg-jwt/app.js",
    "start": 1617890564547,
    "end": 1617890564548,
    "duration": 1,
    "pid": 60224,
    "index": 69
  },
  {
    "name": "Require(60) node_modules/egg-redis/app.js",
    "start": 1617890564548,
    "end": 1617890564548,
    "duration": 0,
    "pid": 60224,
    "index": 70
  },
  {
    "name": "Require(61) app.js",
    "start": 1617890564549,
    "end": 1617890564549,
    "duration": 0,
    "pid": 60224,
    "index": 71
  },
  {
    "name": "Before Start in node_modules/egg-watcher/lib/init.js:15:14",
    "start": 1617890564575,
    "end": 1617890565495,
    "duration": 920,
    "pid": 60224,
    "index": 72
  },
  {
    "name": "Before Start in node_modules/egg-mysql/lib/mysql.js:20:7",
    "start": 1617890564679,
    "end": 1617890565540,
    "duration": 861,
    "pid": 60224,
    "index": 73
  },
  {
    "name": "Load \"Symbol(model)\" to Application",
    "start": 1617890565082,
    "end": 1617890565167,
    "duration": 85,
    "pid": 60224,
    "index": 74
  },
  {
    "name": "Before Start in node_modules/egg-sequelize/lib/loader.js:39:7",
    "start": 1617890565174,
    "end": 1617890565631,
    "duration": 457,
    "pid": 60224,
    "index": 75
  },
  {
    "name": "Before Start in node_modules/egg-redis/lib/redis.js:53:7",
    "start": 1617890565245,
    "end": 1617890565522,
    "duration": 277,
    "pid": 60224,
    "index": 76
  },
  {
    "name": "Load Service",
    "start": 1617890565245,
    "end": 1617890565265,
    "duration": 20,
    "pid": 60224,
    "index": 77
  },
  {
    "name": "Load \"service\" to Context",
    "start": 1617890565245,
    "end": 1617890565265,
    "duration": 20,
    "pid": 60224,
    "index": 78
  },
  {
    "name": "Load Middleware",
    "start": 1617890565265,
    "end": 1617890565433,
    "duration": 168,
    "pid": 60224,
    "index": 79
  },
  {
    "name": "Load \"middlewares\" to Application",
    "start": 1617890565265,
    "end": 1617890565405,
    "duration": 140,
    "pid": 60224,
    "index": 80
  },
  {
    "name": "Load Controller",
    "start": 1617890565433,
    "end": 1617890565449,
    "duration": 16,
    "pid": 60224,
    "index": 81
  },
  {
    "name": "Load \"controller\" to Application",
    "start": 1617890565433,
    "end": 1617890565449,
    "duration": 16,
    "pid": 60224,
    "index": 82
  },
  {
    "name": "Load Router",
    "start": 1617890565449,
    "end": 1617890565451,
    "duration": 2,
    "pid": 60224,
    "index": 83
  },
  {
    "name": "Require(62) app/router.js",
    "start": 1617890565449,
    "end": 1617890565449,
    "duration": 0,
    "pid": 60224,
    "index": 84
  },
  {
    "name": "Before Start in node_modules/egg-core/lib/egg.js:303:10",
    "start": 1617890565449,
    "end": 1617890565488,
    "duration": 39,
    "pid": 60224,
    "index": 85
  }
]