[
  {
    "name": "Process Start",
    "start": 1617890421088,
    "end": 1617890421914,
    "duration": 826,
    "pid": 59981,
    "index": 0
  },
  {
    "name": "Application Start",
    "start": 1617890421915,
    "end": 1617890423441,
    "duration": 1526,
    "pid": 59981,
    "index": 1
  },
  {
    "name": "Load Plugin",
    "start": 1617890421988,
    "end": 1617890422006,
    "duration": 18,
    "pid": 59981,
    "index": 2
  },
  {
    "name": "Load Config",
    "start": 1617890422006,
    "end": 1617890422034,
    "duration": 28,
    "pid": 59981,
    "index": 3
  },
  {
    "name": "Require(0) config/config.default.js",
    "start": 1617890422006,
    "end": 1617890422007,
    "duration": 1,
    "pid": 59981,
    "index": 4
  },
  {
    "name": "Require(1) config/config.prod.js",
    "start": 1617890422007,
    "end": 1617890422008,
    "duration": 1,
    "pid": 59981,
    "index": 5
  },
  {
    "name": "Require(2) node_modules/egg-session/config/config.default.js",
    "start": 1617890422008,
    "end": 1617890422008,
    "duration": 0,
    "pid": 59981,
    "index": 6
  },
  {
    "name": "Require(3) node_modules/egg-security/config/config.default.js",
    "start": 1617890422009,
    "end": 1617890422009,
    "duration": 0,
    "pid": 59981,
    "index": 7
  },
  {
    "name": "Require(4) node_modules/egg-jsonp/config/config.default.js",
    "start": 1617890422009,
    "end": 1617890422010,
    "duration": 1,
    "pid": 59981,
    "index": 8
  },
  {
    "name": "Require(5) node_modules/egg-onerror/config/config.default.js",
    "start": 1617890422010,
    "end": 1617890422010,
    "duration": 0,
    "pid": 59981,
    "index": 9
  },
  {
    "name": "Require(6) node_modules/egg-i18n/config/config.default.js",
    "start": 1617890422010,
    "end": 1617890422010,
    "duration": 0,
    "pid": 59981,
    "index": 10
  },
  {
    "name": "Require(7) node_modules/egg-watcher/config/config.default.js",
    "start": 1617890422010,
    "end": 1617890422011,
    "duration": 1,
    "pid": 59981,
    "index": 11
  },
  {
    "name": "Require(8) node_modules/egg-schedule/config/config.default.js",
    "start": 1617890422011,
    "end": 1617890422011,
    "duration": 0,
    "pid": 59981,
    "index": 12
  },
  {
    "name": "Require(9) node_modules/egg-multipart/config/config.default.js",
    "start": 1617890422011,
    "end": 1617890422012,
    "duration": 1,
    "pid": 59981,
    "index": 13
  },
  {
    "name": "Require(10) node_modules/egg-logrotator/config/config.default.js",
    "start": 1617890422012,
    "end": 1617890422019,
    "duration": 7,
    "pid": 59981,
    "index": 14
  },
  {
    "name": "Require(11) node_modules/egg-static/config/config.default.js",
    "start": 1617890422022,
    "end": 1617890422023,
    "duration": 1,
    "pid": 59981,
    "index": 15
  },
  {
    "name": "Require(12) node_modules/egg-view/config/config.default.js",
    "start": 1617890422023,
    "end": 1617890422023,
    "duration": 0,
    "pid": 59981,
    "index": 16
  },
  {
    "name": "Require(13) node_modules/egg-validate/config/config.default.js",
    "start": 1617890422023,
    "end": 1617890422024,
    "duration": 1,
    "pid": 59981,
    "index": 17
  },
  {
    "name": "Require(14) node_modules/egg-view-ejs/config/config.default.js",
    "start": 1617890422024,
    "end": 1617890422024,
    "duration": 0,
    "pid": 59981,
    "index": 18
  },
  {
    "name": "Require(15) node_modules/egg-mysql/config/config.default.js",
    "start": 1617890422027,
    "end": 1617890422027,
    "duration": 0,
    "pid": 59981,
    "index": 19
  },
  {
    "name": "Require(16) node_modules/egg-sequelize/config/config.default.js",
    "start": 1617890422027,
    "end": 1617890422028,
    "duration": 1,
    "pid": 59981,
    "index": 20
  },
  {
    "name": "Require(17) node_modules/egg-jwt/config/config.default.js",
    "start": 1617890422028,
    "end": 1617890422029,
    "duration": 1,
    "pid": 59981,
    "index": 21
  },
  {
    "name": "Require(18) node_modules/egg-redis/config/config.default.js",
    "start": 1617890422029,
    "end": 1617890422030,
    "duration": 1,
    "pid": 59981,
    "index": 22
  },
  {
    "name": "Require(19) node_modules/egg/config/config.default.js",
    "start": 1617890422030,
    "end": 1617890422031,
    "duration": 1,
    "pid": 59981,
    "index": 23
  },
  {
    "name": "Require(20) config/config.default.js",
    "start": 1617890422032,
    "end": 1617890422032,
    "duration": 0,
    "pid": 59981,
    "index": 24
  },
  {
    "name": "Require(21) node_modules/egg-static/config/config.prod.js",
    "start": 1617890422033,
    "end": 1617890422033,
    "duration": 0,
    "pid": 59981,
    "index": 25
  },
  {
    "name": "Require(22) config/config.prod.js",
    "start": 1617890422034,
    "end": 1617890422034,
    "duration": 0,
    "pid": 59981,
    "index": 26
  },
  {
    "name": "Load extend/application.js",
    "start": 1617890422037,
    "end": 1617890422086,
    "duration": 49,
    "pid": 59981,
    "index": 27
  },
  {
    "name": "Require(23) node_modules/egg-session/app/extend/application.js",
    "start": 1617890422038,
    "end": 1617890422039,
    "duration": 1,
    "pid": 59981,
    "index": 28
  },
  {
    "name": "Require(24) node_modules/egg-security/app/extend/application.js",
    "start": 1617890422039,
    "end": 1617890422039,
    "duration": 0,
    "pid": 59981,
    "index": 29
  },
  {
    "name": "Require(25) node_modules/egg-jsonp/app/extend/application.js",
    "start": 1617890422039,
    "end": 1617890422040,
    "duration": 1,
    "pid": 59981,
    "index": 30
  },
  {
    "name": "Require(26) node_modules/egg-logrotator/app/extend/application.js",
    "start": 1617890422040,
    "end": 1617890422041,
    "duration": 1,
    "pid": 59981,
    "index": 31
  },
  {
    "name": "Require(27) node_modules/egg-view/app/extend/application.js",
    "start": 1617890422041,
    "end": 1617890422042,
    "duration": 1,
    "pid": 59981,
    "index": 32
  },
  {
    "name": "Require(28) node_modules/egg-jwt/app/extend/application.js",
    "start": 1617890422042,
    "end": 1617890422084,
    "duration": 42,
    "pid": 59981,
    "index": 33
  },
  {
    "name": "Require(29) app/extend/application.js",
    "start": 1617890422084,
    "end": 1617890422085,
    "duration": 1,
    "pid": 59981,
    "index": 34
  },
  {
    "name": "Load extend/request.js",
    "start": 1617890422086,
    "end": 1617890422099,
    "duration": 13,
    "pid": 59981,
    "index": 35
  },
  {
    "name": "Require(30) node_modules/egg/app/extend/request.js",
    "start": 1617890422096,
    "end": 1617890422097,
    "duration": 1,
    "pid": 59981,
    "index": 36
  },
  {
    "name": "Require(31) app/extend/request.js",
    "start": 1617890422097,
    "end": 1617890422097,
    "duration": 0,
    "pid": 59981,
    "index": 37
  },
  {
    "name": "Load extend/response.js",
    "start": 1617890422099,
    "end": 1617890422103,
    "duration": 4,
    "pid": 59981,
    "index": 38
  },
  {
    "name": "Require(32) node_modules/egg/app/extend/response.js",
    "start": 1617890422101,
    "end": 1617890422102,
    "duration": 1,
    "pid": 59981,
    "index": 39
  },
  {
    "name": "Require(33) app/extend/response.js",
    "start": 1617890422102,
    "end": 1617890422102,
    "duration": 0,
    "pid": 59981,
    "index": 40
  },
  {
    "name": "Load extend/context.js",
    "start": 1617890422104,
    "end": 1617890422185,
    "duration": 81,
    "pid": 59981,
    "index": 41
  },
  {
    "name": "Require(34) node_modules/egg-security/app/extend/context.js",
    "start": 1617890422104,
    "end": 1617890422111,
    "duration": 7,
    "pid": 59981,
    "index": 42
  },
  {
    "name": "Require(35) node_modules/egg-jsonp/app/extend/context.js",
    "start": 1617890422111,
    "end": 1617890422112,
    "duration": 1,
    "pid": 59981,
    "index": 43
  },
  {
    "name": "Require(36) node_modules/egg-i18n/app/extend/context.js",
    "start": 1617890422112,
    "end": 1617890422112,
    "duration": 0,
    "pid": 59981,
    "index": 44
  },
  {
    "name": "Require(37) node_modules/egg-multipart/app/extend/context.js",
    "start": 1617890422112,
    "end": 1617890422159,
    "duration": 47,
    "pid": 59981,
    "index": 45
  },
  {
    "name": "Require(38) node_modules/egg-view/app/extend/context.js",
    "start": 1617890422160,
    "end": 1617890422160,
    "duration": 0,
    "pid": 59981,
    "index": 46
  },
  {
    "name": "Require(39) node_modules/egg-validate/app/extend/context.js",
    "start": 1617890422160,
    "end": 1617890422160,
    "duration": 0,
    "pid": 59981,
    "index": 47
  },
  {
    "name": "Require(40) lib/plugin/egg-info/app/extend/context.js",
    "start": 1617890422172,
    "end": 1617890422172,
    "duration": 0,
    "pid": 59981,
    "index": 48
  },
  {
    "name": "Require(41) node_modules/egg/app/extend/context.js",
    "start": 1617890422173,
    "end": 1617890422173,
    "duration": 0,
    "pid": 59981,
    "index": 49
  },
  {
    "name": "Require(42) app/extend/context.js",
    "start": 1617890422173,
    "end": 1617890422183,
    "duration": 10,
    "pid": 59981,
    "index": 50
  },
  {
    "name": "Load extend/helper.js",
    "start": 1617890422185,
    "end": 1617890422206,
    "duration": 21,
    "pid": 59981,
    "index": 51
  },
  {
    "name": "Require(43) node_modules/egg-security/app/extend/helper.js",
    "start": 1617890422185,
    "end": 1617890422194,
    "duration": 9,
    "pid": 59981,
    "index": 52
  },
  {
    "name": "Require(44) node_modules/egg/app/extend/helper.js",
    "start": 1617890422203,
    "end": 1617890422204,
    "duration": 1,
    "pid": 59981,
    "index": 53
  },
  {
    "name": "Require(45) app/extend/helper.js",
    "start": 1617890422204,
    "end": 1617890422205,
    "duration": 1,
    "pid": 59981,
    "index": 54
  },
  {
    "name": "Load app.js",
    "start": 1617890422206,
    "end": 1617890422280,
    "duration": 74,
    "pid": 59981,
    "index": 55
  },
  {
    "name": "Require(46) node_modules/egg-session/app.js",
    "start": 1617890422206,
    "end": 1617890422206,
    "duration": 0,
    "pid": 59981,
    "index": 56
  },
  {
    "name": "Require(47) node_modules/egg-security/app.js",
    "start": 1617890422207,
    "end": 1617890422207,
    "duration": 0,
    "pid": 59981,
    "index": 57
  },
  {
    "name": "Require(48) node_modules/egg-onerror/app.js",
    "start": 1617890422207,
    "end": 1617890422219,
    "duration": 12,
    "pid": 59981,
    "index": 58
  },
  {
    "name": "Require(49) node_modules/egg-i18n/app.js",
    "start": 1617890422219,
    "end": 1617890422252,
    "duration": 33,
    "pid": 59981,
    "index": 59
  },
  {
    "name": "Require(50) node_modules/egg-watcher/app.js",
    "start": 1617890422252,
    "end": 1617890422255,
    "duration": 3,
    "pid": 59981,
    "index": 60
  },
  {
    "name": "Require(51) node_modules/egg-schedule/app.js",
    "start": 1617890422255,
    "end": 1617890422256,
    "duration": 1,
    "pid": 59981,
    "index": 61
  },
  {
    "name": "Require(52) node_modules/egg-multipart/app.js",
    "start": 1617890422256,
    "end": 1617890422256,
    "duration": 0,
    "pid": 59981,
    "index": 62
  },
  {
    "name": "Require(53) node_modules/egg-logrotator/app.js",
    "start": 1617890422256,
    "end": 1617890422257,
    "duration": 1,
    "pid": 59981,
    "index": 63
  },
  {
    "name": "Require(54) node_modules/egg-static/app.js",
    "start": 1617890422257,
    "end": 1617890422270,
    "duration": 13,
    "pid": 59981,
    "index": 64
  },
  {
    "name": "Require(55) node_modules/egg-validate/app.js",
    "start": 1617890422270,
    "end": 1617890422271,
    "duration": 1,
    "pid": 59981,
    "index": 65
  },
  {
    "name": "Require(56) node_modules/egg-view-ejs/app.js",
    "start": 1617890422271,
    "end": 1617890422271,
    "duration": 0,
    "pid": 59981,
    "index": 66
  },
  {
    "name": "Require(57) node_modules/egg-mysql/app.js",
    "start": 1617890422271,
    "end": 1617890422278,
    "duration": 7,
    "pid": 59981,
    "index": 67
  },
  {
    "name": "Require(58) node_modules/egg-sequelize/app.js",
    "start": 1617890422278,
    "end": 1617890422279,
    "duration": 1,
    "pid": 59981,
    "index": 68
  },
  {
    "name": "Require(59) node_modules/egg-jwt/app.js",
    "start": 1617890422279,
    "end": 1617890422279,
    "duration": 0,
    "pid": 59981,
    "index": 69
  },
  {
    "name": "Require(60) node_modules/egg-redis/app.js",
    "start": 1617890422279,
    "end": 1617890422279,
    "duration": 0,
    "pid": 59981,
    "index": 70
  },
  {
    "name": "Require(61) app.js",
    "start": 1617890422280,
    "end": 1617890422280,
    "duration": 0,
    "pid": 59981,
    "index": 71
  },
  {
    "name": "Before Start in node_modules/egg-watcher/lib/init.js:15:14",
    "start": 1617890422286,
    "end": 1617890423298,
    "duration": 1012,
    "pid": 59981,
    "index": 72
  },
  {
    "name": "Before Start in node_modules/egg-mysql/lib/mysql.js:20:7",
    "start": 1617890422415,
    "end": 1617890423369,
    "duration": 954,
    "pid": 59981,
    "index": 73
  },
  {
    "name": "Load \"Symbol(model)\" to Application",
    "start": 1617890422845,
    "end": 1617890422874,
    "duration": 29,
    "pid": 59981,
    "index": 74
  },
  {
    "name": "Before Start in node_modules/egg-sequelize/lib/loader.js:39:7",
    "start": 1617890422915,
    "end": 1617890423441,
    "duration": 526,
    "pid": 59981,
    "index": 75
  },
  {
    "name": "Before Start in node_modules/egg-redis/lib/redis.js:53:7",
    "start": 1617890423009,
    "end": 1617890423318,
    "duration": 309,
    "pid": 59981,
    "index": 76
  },
  {
    "name": "Load Service",
    "start": 1617890423010,
    "end": 1617890423016,
    "duration": 6,
    "pid": 59981,
    "index": 77
  },
  {
    "name": "Load \"service\" to Context",
    "start": 1617890423010,
    "end": 1617890423016,
    "duration": 6,
    "pid": 59981,
    "index": 78
  },
  {
    "name": "Load Middleware",
    "start": 1617890423016,
    "end": 1617890423192,
    "duration": 176,
    "pid": 59981,
    "index": 79
  },
  {
    "name": "Load \"middlewares\" to Application",
    "start": 1617890423017,
    "end": 1617890423177,
    "duration": 160,
    "pid": 59981,
    "index": 80
  },
  {
    "name": "Load Controller",
    "start": 1617890423192,
    "end": 1617890423199,
    "duration": 7,
    "pid": 59981,
    "index": 81
  },
  {
    "name": "Load \"controller\" to Application",
    "start": 1617890423192,
    "end": 1617890423199,
    "duration": 7,
    "pid": 59981,
    "index": 82
  },
  {
    "name": "Load Router",
    "start": 1617890423199,
    "end": 1617890423201,
    "duration": 2,
    "pid": 59981,
    "index": 83
  },
  {
    "name": "Require(62) app/router.js",
    "start": 1617890423199,
    "end": 1617890423199,
    "duration": 0,
    "pid": 59981,
    "index": 84
  },
  {
    "name": "Before Start in node_modules/egg-core/lib/egg.js:303:10",
    "start": 1617890423200,
    "end": 1617890423290,
    "duration": 90,
    "pid": 59981,
    "index": 85
  }
]