[
  {
    "name": "Process Start",
    "start": 1617890563296,
    "end": 1617890564052,
    "duration": 756,
    "pid": 60221,
    "index": 0
  },
  {
    "name": "Application Start",
    "start": 1617890564052,
    "end": 1617890565536,
    "duration": 1484,
    "pid": 60221,
    "index": 1
  },
  {
    "name": "Load Plugin",
    "start": 1617890564106,
    "end": 1617890564117,
    "duration": 11,
    "pid": 60221,
    "index": 2
  },
  {
    "name": "Load Config",
    "start": 1617890564117,
    "end": 1617890564134,
    "duration": 17,
    "pid": 60221,
    "index": 3
  },
  {
    "name": "Require(0) config/config.default.js",
    "start": 1617890564117,
    "end": 1617890564118,
    "duration": 1,
    "pid": 60221,
    "index": 4
  },
  {
    "name": "Require(1) config/config.prod.js",
    "start": 1617890564118,
    "end": 1617890564119,
    "duration": 1,
    "pid": 60221,
    "index": 5
  },
  {
    "name": "Require(2) node_modules/egg-session/config/config.default.js",
    "start": 1617890564119,
    "end": 1617890564119,
    "duration": 0,
    "pid": 60221,
    "index": 6
  },
  {
    "name": "Require(3) node_modules/egg-security/config/config.default.js",
    "start": 1617890564120,
    "end": 1617890564120,
    "duration": 0,
    "pid": 60221,
    "index": 7
  },
  {
    "name": "Require(4) node_modules/egg-jsonp/config/config.default.js",
    "start": 1617890564121,
    "end": 1617890564121,
    "duration": 0,
    "pid": 60221,
    "index": 8
  },
  {
    "name": "Require(5) node_modules/egg-onerror/config/config.default.js",
    "start": 1617890564121,
    "end": 1617890564121,
    "duration": 0,
    "pid": 60221,
    "index": 9
  },
  {
    "name": "Require(6) node_modules/egg-i18n/config/config.default.js",
    "start": 1617890564121,
    "end": 1617890564122,
    "duration": 1,
    "pid": 60221,
    "index": 10
  },
  {
    "name": "Require(7) node_modules/egg-watcher/config/config.default.js",
    "start": 1617890564122,
    "end": 1617890564122,
    "duration": 0,
    "pid": 60221,
    "index": 11
  },
  {
    "name": "Require(8) node_modules/egg-schedule/config/config.default.js",
    "start": 1617890564122,
    "end": 1617890564122,
    "duration": 0,
    "pid": 60221,
    "index": 12
  },
  {
    "name": "Require(9) node_modules/egg-multipart/config/config.default.js",
    "start": 1617890564123,
    "end": 1617890564123,
    "duration": 0,
    "pid": 60221,
    "index": 13
  },
  {
    "name": "Require(10) node_modules/egg-logrotator/config/config.default.js",
    "start": 1617890564123,
    "end": 1617890564124,
    "duration": 1,
    "pid": 60221,
    "index": 14
  },
  {
    "name": "Require(11) node_modules/egg-static/config/config.default.js",
    "start": 1617890564124,
    "end": 1617890564127,
    "duration": 3,
    "pid": 60221,
    "index": 15
  },
  {
    "name": "Require(12) node_modules/egg-view/config/config.default.js",
    "start": 1617890564127,
    "end": 1617890564127,
    "duration": 0,
    "pid": 60221,
    "index": 16
  },
  {
    "name": "Require(13) node_modules/egg-validate/config/config.default.js",
    "start": 1617890564128,
    "end": 1617890564128,
    "duration": 0,
    "pid": 60221,
    "index": 17
  },
  {
    "name": "Require(14) node_modules/egg-view-ejs/config/config.default.js",
    "start": 1617890564128,
    "end": 1617890564128,
    "duration": 0,
    "pid": 60221,
    "index": 18
  },
  {
    "name": "Require(15) node_modules/egg-mysql/config/config.default.js",
    "start": 1617890564129,
    "end": 1617890564129,
    "duration": 0,
    "pid": 60221,
    "index": 19
  },
  {
    "name": "Require(16) node_modules/egg-sequelize/config/config.default.js",
    "start": 1617890564129,
    "end": 1617890564129,
    "duration": 0,
    "pid": 60221,
    "index": 20
  },
  {
    "name": "Require(17) node_modules/egg-jwt/config/config.default.js",
    "start": 1617890564129,
    "end": 1617890564130,
    "duration": 1,
    "pid": 60221,
    "index": 21
  },
  {
    "name": "Require(18) node_modules/egg-redis/config/config.default.js",
    "start": 1617890564130,
    "end": 1617890564130,
    "duration": 0,
    "pid": 60221,
    "index": 22
  },
  {
    "name": "Require(19) node_modules/egg/config/config.default.js",
    "start": 1617890564130,
    "end": 1617890564131,
    "duration": 1,
    "pid": 60221,
    "index": 23
  },
  {
    "name": "Require(20) config/config.default.js",
    "start": 1617890564132,
    "end": 1617890564132,
    "duration": 0,
    "pid": 60221,
    "index": 24
  },
  {
    "name": "Require(21) node_modules/egg-static/config/config.prod.js",
    "start": 1617890564132,
    "end": 1617890564133,
    "duration": 1,
    "pid": 60221,
    "index": 25
  },
  {
    "name": "Require(22) config/config.prod.js",
    "start": 1617890564134,
    "end": 1617890564134,
    "duration": 0,
    "pid": 60221,
    "index": 26
  },
  {
    "name": "Load extend/application.js",
    "start": 1617890564150,
    "end": 1617890564189,
    "duration": 39,
    "pid": 60221,
    "index": 27
  },
  {
    "name": "Require(23) node_modules/egg-session/app/extend/application.js",
    "start": 1617890564151,
    "end": 1617890564151,
    "duration": 0,
    "pid": 60221,
    "index": 28
  },
  {
    "name": "Require(24) node_modules/egg-security/app/extend/application.js",
    "start": 1617890564151,
    "end": 1617890564152,
    "duration": 1,
    "pid": 60221,
    "index": 29
  },
  {
    "name": "Require(25) node_modules/egg-jsonp/app/extend/application.js",
    "start": 1617890564152,
    "end": 1617890564153,
    "duration": 1,
    "pid": 60221,
    "index": 30
  },
  {
    "name": "Require(26) node_modules/egg-logrotator/app/extend/application.js",
    "start": 1617890564153,
    "end": 1617890564154,
    "duration": 1,
    "pid": 60221,
    "index": 31
  },
  {
    "name": "Require(27) node_modules/egg-view/app/extend/application.js",
    "start": 1617890564154,
    "end": 1617890564155,
    "duration": 1,
    "pid": 60221,
    "index": 32
  },
  {
    "name": "Require(28) node_modules/egg-jwt/app/extend/application.js",
    "start": 1617890564155,
    "end": 1617890564187,
    "duration": 32,
    "pid": 60221,
    "index": 33
  },
  {
    "name": "Require(29) app/extend/application.js",
    "start": 1617890564188,
    "end": 1617890564188,
    "duration": 0,
    "pid": 60221,
    "index": 34
  },
  {
    "name": "Load extend/request.js",
    "start": 1617890564189,
    "end": 1617890564193,
    "duration": 4,
    "pid": 60221,
    "index": 35
  },
  {
    "name": "Require(30) node_modules/egg/app/extend/request.js",
    "start": 1617890564191,
    "end": 1617890564191,
    "duration": 0,
    "pid": 60221,
    "index": 36
  },
  {
    "name": "Require(31) app/extend/request.js",
    "start": 1617890564191,
    "end": 1617890564191,
    "duration": 0,
    "pid": 60221,
    "index": 37
  },
  {
    "name": "Load extend/response.js",
    "start": 1617890564193,
    "end": 1617890564199,
    "duration": 6,
    "pid": 60221,
    "index": 38
  },
  {
    "name": "Require(32) node_modules/egg/app/extend/response.js",
    "start": 1617890564195,
    "end": 1617890564197,
    "duration": 2,
    "pid": 60221,
    "index": 39
  },
  {
    "name": "Require(33) app/extend/response.js",
    "start": 1617890564197,
    "end": 1617890564197,
    "duration": 0,
    "pid": 60221,
    "index": 40
  },
  {
    "name": "Load extend/context.js",
    "start": 1617890564199,
    "end": 1617890564282,
    "duration": 83,
    "pid": 60221,
    "index": 41
  },
  {
    "name": "Require(34) node_modules/egg-security/app/extend/context.js",
    "start": 1617890564199,
    "end": 1617890564203,
    "duration": 4,
    "pid": 60221,
    "index": 42
  },
  {
    "name": "Require(35) node_modules/egg-jsonp/app/extend/context.js",
    "start": 1617890564203,
    "end": 1617890564203,
    "duration": 0,
    "pid": 60221,
    "index": 43
  },
  {
    "name": "Require(36) node_modules/egg-i18n/app/extend/context.js",
    "start": 1617890564204,
    "end": 1617890564204,
    "duration": 0,
    "pid": 60221,
    "index": 44
  },
  {
    "name": "Require(37) node_modules/egg-multipart/app/extend/context.js",
    "start": 1617890564204,
    "end": 1617890564272,
    "duration": 68,
    "pid": 60221,
    "index": 45
  },
  {
    "name": "Require(38) node_modules/egg-view/app/extend/context.js",
    "start": 1617890564273,
    "end": 1617890564273,
    "duration": 0,
    "pid": 60221,
    "index": 46
  },
  {
    "name": "Require(39) node_modules/egg-validate/app/extend/context.js",
    "start": 1617890564273,
    "end": 1617890564274,
    "duration": 1,
    "pid": 60221,
    "index": 47
  },
  {
    "name": "Require(40) lib/plugin/egg-info/app/extend/context.js",
    "start": 1617890564274,
    "end": 1617890564274,
    "duration": 0,
    "pid": 60221,
    "index": 48
  },
  {
    "name": "Require(41) node_modules/egg/app/extend/context.js",
    "start": 1617890564278,
    "end": 1617890564278,
    "duration": 0,
    "pid": 60221,
    "index": 49
  },
  {
    "name": "Require(42) app/extend/context.js",
    "start": 1617890564279,
    "end": 1617890564279,
    "duration": 0,
    "pid": 60221,
    "index": 50
  },
  {
    "name": "Load extend/helper.js",
    "start": 1617890564282,
    "end": 1617890564319,
    "duration": 37,
    "pid": 60221,
    "index": 51
  },
  {
    "name": "Require(43) node_modules/egg-security/app/extend/helper.js",
    "start": 1617890564282,
    "end": 1617890564316,
    "duration": 34,
    "pid": 60221,
    "index": 52
  },
  {
    "name": "Require(44) node_modules/egg/app/extend/helper.js",
    "start": 1617890564317,
    "end": 1617890564317,
    "duration": 0,
    "pid": 60221,
    "index": 53
  },
  {
    "name": "Require(45) app/extend/helper.js",
    "start": 1617890564317,
    "end": 1617890564318,
    "duration": 1,
    "pid": 60221,
    "index": 54
  },
  {
    "name": "Load app.js",
    "start": 1617890564319,
    "end": 1617890564376,
    "duration": 57,
    "pid": 60221,
    "index": 55
  },
  {
    "name": "Require(46) node_modules/egg-session/app.js",
    "start": 1617890564319,
    "end": 1617890564320,
    "duration": 1,
    "pid": 60221,
    "index": 56
  },
  {
    "name": "Require(47) node_modules/egg-security/app.js",
    "start": 1617890564320,
    "end": 1617890564322,
    "duration": 2,
    "pid": 60221,
    "index": 57
  },
  {
    "name": "Require(48) node_modules/egg-onerror/app.js",
    "start": 1617890564322,
    "end": 1617890564327,
    "duration": 5,
    "pid": 60221,
    "index": 58
  },
  {
    "name": "Require(49) node_modules/egg-i18n/app.js",
    "start": 1617890564327,
    "end": 1617890564337,
    "duration": 10,
    "pid": 60221,
    "index": 59
  },
  {
    "name": "Require(50) node_modules/egg-watcher/app.js",
    "start": 1617890564337,
    "end": 1617890564339,
    "duration": 2,
    "pid": 60221,
    "index": 60
  },
  {
    "name": "Require(51) node_modules/egg-schedule/app.js",
    "start": 1617890564339,
    "end": 1617890564340,
    "duration": 1,
    "pid": 60221,
    "index": 61
  },
  {
    "name": "Require(52) node_modules/egg-multipart/app.js",
    "start": 1617890564340,
    "end": 1617890564340,
    "duration": 0,
    "pid": 60221,
    "index": 62
  },
  {
    "name": "Require(53) node_modules/egg-logrotator/app.js",
    "start": 1617890564340,
    "end": 1617890564340,
    "duration": 0,
    "pid": 60221,
    "index": 63
  },
  {
    "name": "Require(54) node_modules/egg-static/app.js",
    "start": 1617890564340,
    "end": 1617890564341,
    "duration": 1,
    "pid": 60221,
    "index": 64
  },
  {
    "name": "Require(55) node_modules/egg-validate/app.js",
    "start": 1617890564341,
    "end": 1617890564346,
    "duration": 5,
    "pid": 60221,
    "index": 65
  },
  {
    "name": "Require(56) node_modules/egg-view-ejs/app.js",
    "start": 1617890564346,
    "end": 1617890564350,
    "duration": 4,
    "pid": 60221,
    "index": 66
  },
  {
    "name": "Require(57) node_modules/egg-mysql/app.js",
    "start": 1617890564350,
    "end": 1617890564374,
    "duration": 24,
    "pid": 60221,
    "index": 67
  },
  {
    "name": "Require(58) node_modules/egg-sequelize/app.js",
    "start": 1617890564374,
    "end": 1617890564374,
    "duration": 0,
    "pid": 60221,
    "index": 68
  },
  {
    "name": "Require(59) node_modules/egg-jwt/app.js",
    "start": 1617890564375,
    "end": 1617890564375,
    "duration": 0,
    "pid": 60221,
    "index": 69
  },
  {
    "name": "Require(60) node_modules/egg-redis/app.js",
    "start": 1617890564375,
    "end": 1617890564375,
    "duration": 0,
    "pid": 60221,
    "index": 70
  },
  {
    "name": "Require(61) app.js",
    "start": 1617890564376,
    "end": 1617890564376,
    "duration": 0,
    "pid": 60221,
    "index": 71
  },
  {
    "name": "Before Start in node_modules/egg-watcher/lib/init.js:15:14",
    "start": 1617890564399,
    "end": 1617890565431,
    "duration": 1032,
    "pid": 60221,
    "index": 72
  },
  {
    "name": "Before Start in node_modules/egg-mysql/lib/mysql.js:20:7",
    "start": 1617890564576,
    "end": 1617890565449,
    "duration": 873,
    "pid": 60221,
    "index": 73
  },
  {
    "name": "Load \"Symbol(model)\" to Application",
    "start": 1617890564918,
    "end": 1617890564986,
    "duration": 68,
    "pid": 60221,
    "index": 74
  },
  {
    "name": "Before Start in node_modules/egg-sequelize/lib/loader.js:39:7",
    "start": 1617890564990,
    "end": 1617890565534,
    "duration": 544,
    "pid": 60221,
    "index": 75
  },
  {
    "name": "Before Start in node_modules/egg-redis/lib/redis.js:53:7",
    "start": 1617890565077,
    "end": 1617890565433,
    "duration": 356,
    "pid": 60221,
    "index": 76
  },
  {
    "name": "Load Service",
    "start": 1617890565077,
    "end": 1617890565129,
    "duration": 52,
    "pid": 60221,
    "index": 77
  },
  {
    "name": "Load \"service\" to Context",
    "start": 1617890565077,
    "end": 1617890565129,
    "duration": 52,
    "pid": 60221,
    "index": 78
  },
  {
    "name": "Load Middleware",
    "start": 1617890565129,
    "end": 1617890565295,
    "duration": 166,
    "pid": 60221,
    "index": 79
  },
  {
    "name": "Load \"middlewares\" to Application",
    "start": 1617890565129,
    "end": 1617890565264,
    "duration": 135,
    "pid": 60221,
    "index": 80
  },
  {
    "name": "Load Controller",
    "start": 1617890565295,
    "end": 1617890565298,
    "duration": 3,
    "pid": 60221,
    "index": 81
  },
  {
    "name": "Load \"controller\" to Application",
    "start": 1617890565295,
    "end": 1617890565298,
    "duration": 3,
    "pid": 60221,
    "index": 82
  },
  {
    "name": "Load Router",
    "start": 1617890565298,
    "end": 1617890565300,
    "duration": 2,
    "pid": 60221,
    "index": 83
  },
  {
    "name": "Require(62) app/router.js",
    "start": 1617890565298,
    "end": 1617890565299,
    "duration": 1,
    "pid": 60221,
    "index": 84
  },
  {
    "name": "Before Start in node_modules/egg-core/lib/egg.js:303:10",
    "start": 1617890565299,
    "end": 1617890565380,
    "duration": 81,
    "pid": 60221,
    "index": 85
  }
]