[
  {
    "name": "Process Start",
    "start": 1617890563324,
    "end": 1617890564143,
    "duration": 819,
    "pid": 60225,
    "index": 0
  },
  {
    "name": "Application Start",
    "start": 1617890564144,
    "end": 1617890565588,
    "duration": 1444,
    "pid": 60225,
    "index": 1
  },
  {
    "name": "Load Plugin",
    "start": 1617890564161,
    "end": 1617890564187,
    "duration": 26,
    "pid": 60225,
    "index": 2
  },
  {
    "name": "Load Config",
    "start": 1617890564187,
    "end": 1617890564213,
    "duration": 26,
    "pid": 60225,
    "index": 3
  },
  {
    "name": "Require(0) config/config.default.js",
    "start": 1617890564188,
    "end": 1617890564188,
    "duration": 0,
    "pid": 60225,
    "index": 4
  },
  {
    "name": "Require(1) config/config.prod.js",
    "start": 1617890564189,
    "end": 1617890564189,
    "duration": 0,
    "pid": 60225,
    "index": 5
  },
  {
    "name": "Require(2) node_modules/egg-session/config/config.default.js",
    "start": 1617890564190,
    "end": 1617890564191,
    "duration": 1,
    "pid": 60225,
    "index": 6
  },
  {
    "name": "Require(3) node_modules/egg-security/config/config.default.js",
    "start": 1617890564197,
    "end": 1617890564199,
    "duration": 2,
    "pid": 60225,
    "index": 7
  },
  {
    "name": "Require(4) node_modules/egg-jsonp/config/config.default.js",
    "start": 1617890564203,
    "end": 1617890564203,
    "duration": 0,
    "pid": 60225,
    "index": 8
  },
  {
    "name": "Require(5) node_modules/egg-onerror/config/config.default.js",
    "start": 1617890564203,
    "end": 1617890564203,
    "duration": 0,
    "pid": 60225,
    "index": 9
  },
  {
    "name": "Require(6) node_modules/egg-i18n/config/config.default.js",
    "start": 1617890564203,
    "end": 1617890564204,
    "duration": 1,
    "pid": 60225,
    "index": 10
  },
  {
    "name": "Require(7) node_modules/egg-watcher/config/config.default.js",
    "start": 1617890564204,
    "end": 1617890564204,
    "duration": 0,
    "pid": 60225,
    "index": 11
  },
  {
    "name": "Require(8) node_modules/egg-schedule/config/config.default.js",
    "start": 1617890564204,
    "end": 1617890564204,
    "duration": 0,
    "pid": 60225,
    "index": 12
  },
  {
    "name": "Require(9) node_modules/egg-multipart/config/config.default.js",
    "start": 1617890564205,
    "end": 1617890564205,
    "duration": 0,
    "pid": 60225,
    "index": 13
  },
  {
    "name": "Require(10) node_modules/egg-logrotator/config/config.default.js",
    "start": 1617890564205,
    "end": 1617890564206,
    "duration": 1,
    "pid": 60225,
    "index": 14
  },
  {
    "name": "Require(11) node_modules/egg-static/config/config.default.js",
    "start": 1617890564206,
    "end": 1617890564206,
    "duration": 0,
    "pid": 60225,
    "index": 15
  },
  {
    "name": "Require(12) node_modules/egg-view/config/config.default.js",
    "start": 1617890564206,
    "end": 1617890564206,
    "duration": 0,
    "pid": 60225,
    "index": 16
  },
  {
    "name": "Require(13) node_modules/egg-validate/config/config.default.js",
    "start": 1617890564207,
    "end": 1617890564207,
    "duration": 0,
    "pid": 60225,
    "index": 17
  },
  {
    "name": "Require(14) node_modules/egg-view-ejs/config/config.default.js",
    "start": 1617890564207,
    "end": 1617890564207,
    "duration": 0,
    "pid": 60225,
    "index": 18
  },
  {
    "name": "Require(15) node_modules/egg-mysql/config/config.default.js",
    "start": 1617890564208,
    "end": 1617890564208,
    "duration": 0,
    "pid": 60225,
    "index": 19
  },
  {
    "name": "Require(16) node_modules/egg-sequelize/config/config.default.js",
    "start": 1617890564208,
    "end": 1617890564208,
    "duration": 0,
    "pid": 60225,
    "index": 20
  },
  {
    "name": "Require(17) node_modules/egg-jwt/config/config.default.js",
    "start": 1617890564209,
    "end": 1617890564209,
    "duration": 0,
    "pid": 60225,
    "index": 21
  },
  {
    "name": "Require(18) node_modules/egg-redis/config/config.default.js",
    "start": 1617890564209,
    "end": 1617890564209,
    "duration": 0,
    "pid": 60225,
    "index": 22
  },
  {
    "name": "Require(19) node_modules/egg/config/config.default.js",
    "start": 1617890564210,
    "end": 1617890564210,
    "duration": 0,
    "pid": 60225,
    "index": 23
  },
  {
    "name": "Require(20) config/config.default.js",
    "start": 1617890564211,
    "end": 1617890564211,
    "duration": 0,
    "pid": 60225,
    "index": 24
  },
  {
    "name": "Require(21) node_modules/egg-static/config/config.prod.js",
    "start": 1617890564212,
    "end": 1617890564212,
    "duration": 0,
    "pid": 60225,
    "index": 25
  },
  {
    "name": "Require(22) config/config.prod.js",
    "start": 1617890564212,
    "end": 1617890564212,
    "duration": 0,
    "pid": 60225,
    "index": 26
  },
  {
    "name": "Load extend/application.js",
    "start": 1617890564214,
    "end": 1617890564278,
    "duration": 64,
    "pid": 60225,
    "index": 27
  },
  {
    "name": "Require(23) node_modules/egg-session/app/extend/application.js",
    "start": 1617890564215,
    "end": 1617890564215,
    "duration": 0,
    "pid": 60225,
    "index": 28
  },
  {
    "name": "Require(24) node_modules/egg-security/app/extend/application.js",
    "start": 1617890564215,
    "end": 1617890564215,
    "duration": 0,
    "pid": 60225,
    "index": 29
  },
  {
    "name": "Require(25) node_modules/egg-jsonp/app/extend/application.js",
    "start": 1617890564216,
    "end": 1617890564216,
    "duration": 0,
    "pid": 60225,
    "index": 30
  },
  {
    "name": "Require(26) node_modules/egg-logrotator/app/extend/application.js",
    "start": 1617890564216,
    "end": 1617890564217,
    "duration": 1,
    "pid": 60225,
    "index": 31
  },
  {
    "name": "Require(27) node_modules/egg-view/app/extend/application.js",
    "start": 1617890564217,
    "end": 1617890564218,
    "duration": 1,
    "pid": 60225,
    "index": 32
  },
  {
    "name": "Require(28) node_modules/egg-jwt/app/extend/application.js",
    "start": 1617890564218,
    "end": 1617890564265,
    "duration": 47,
    "pid": 60225,
    "index": 33
  },
  {
    "name": "Require(29) app/extend/application.js",
    "start": 1617890564276,
    "end": 1617890564277,
    "duration": 1,
    "pid": 60225,
    "index": 34
  },
  {
    "name": "Load extend/request.js",
    "start": 1617890564278,
    "end": 1617890564283,
    "duration": 5,
    "pid": 60225,
    "index": 35
  },
  {
    "name": "Require(30) node_modules/egg/app/extend/request.js",
    "start": 1617890564280,
    "end": 1617890564280,
    "duration": 0,
    "pid": 60225,
    "index": 36
  },
  {
    "name": "Require(31) app/extend/request.js",
    "start": 1617890564280,
    "end": 1617890564281,
    "duration": 1,
    "pid": 60225,
    "index": 37
  },
  {
    "name": "Load extend/response.js",
    "start": 1617890564283,
    "end": 1617890564313,
    "duration": 30,
    "pid": 60225,
    "index": 38
  },
  {
    "name": "Require(32) node_modules/egg/app/extend/response.js",
    "start": 1617890564289,
    "end": 1617890564312,
    "duration": 23,
    "pid": 60225,
    "index": 39
  },
  {
    "name": "Require(33) app/extend/response.js",
    "start": 1617890564312,
    "end": 1617890564312,
    "duration": 0,
    "pid": 60225,
    "index": 40
  },
  {
    "name": "Load extend/context.js",
    "start": 1617890564313,
    "end": 1617890564419,
    "duration": 106,
    "pid": 60225,
    "index": 41
  },
  {
    "name": "Require(34) node_modules/egg-security/app/extend/context.js",
    "start": 1617890564314,
    "end": 1617890564317,
    "duration": 3,
    "pid": 60225,
    "index": 42
  },
  {
    "name": "Require(35) node_modules/egg-jsonp/app/extend/context.js",
    "start": 1617890564317,
    "end": 1617890564318,
    "duration": 1,
    "pid": 60225,
    "index": 43
  },
  {
    "name": "Require(36) node_modules/egg-i18n/app/extend/context.js",
    "start": 1617890564318,
    "end": 1617890564318,
    "duration": 0,
    "pid": 60225,
    "index": 44
  },
  {
    "name": "Require(37) node_modules/egg-multipart/app/extend/context.js",
    "start": 1617890564318,
    "end": 1617890564402,
    "duration": 84,
    "pid": 60225,
    "index": 45
  },
  {
    "name": "Require(38) node_modules/egg-view/app/extend/context.js",
    "start": 1617890564410,
    "end": 1617890564411,
    "duration": 1,
    "pid": 60225,
    "index": 46
  },
  {
    "name": "Require(39) node_modules/egg-validate/app/extend/context.js",
    "start": 1617890564416,
    "end": 1617890564416,
    "duration": 0,
    "pid": 60225,
    "index": 47
  },
  {
    "name": "Require(40) lib/plugin/egg-info/app/extend/context.js",
    "start": 1617890564417,
    "end": 1617890564417,
    "duration": 0,
    "pid": 60225,
    "index": 48
  },
  {
    "name": "Require(41) node_modules/egg/app/extend/context.js",
    "start": 1617890564417,
    "end": 1617890564418,
    "duration": 1,
    "pid": 60225,
    "index": 49
  },
  {
    "name": "Require(42) app/extend/context.js",
    "start": 1617890564418,
    "end": 1617890564418,
    "duration": 0,
    "pid": 60225,
    "index": 50
  },
  {
    "name": "Load extend/helper.js",
    "start": 1617890564419,
    "end": 1617890564433,
    "duration": 14,
    "pid": 60225,
    "index": 51
  },
  {
    "name": "Require(43) node_modules/egg-security/app/extend/helper.js",
    "start": 1617890564420,
    "end": 1617890564428,
    "duration": 8,
    "pid": 60225,
    "index": 52
  },
  {
    "name": "Require(44) node_modules/egg/app/extend/helper.js",
    "start": 1617890564429,
    "end": 1617890564429,
    "duration": 0,
    "pid": 60225,
    "index": 53
  },
  {
    "name": "Require(45) app/extend/helper.js",
    "start": 1617890564429,
    "end": 1617890564431,
    "duration": 2,
    "pid": 60225,
    "index": 54
  },
  {
    "name": "Load app.js",
    "start": 1617890564433,
    "end": 1617890564460,
    "duration": 27,
    "pid": 60225,
    "index": 55
  },
  {
    "name": "Require(46) node_modules/egg-session/app.js",
    "start": 1617890564433,
    "end": 1617890564433,
    "duration": 0,
    "pid": 60225,
    "index": 56
  },
  {
    "name": "Require(47) node_modules/egg-security/app.js",
    "start": 1617890564433,
    "end": 1617890564434,
    "duration": 1,
    "pid": 60225,
    "index": 57
  },
  {
    "name": "Require(48) node_modules/egg-onerror/app.js",
    "start": 1617890564434,
    "end": 1617890564438,
    "duration": 4,
    "pid": 60225,
    "index": 58
  },
  {
    "name": "Require(49) node_modules/egg-i18n/app.js",
    "start": 1617890564438,
    "end": 1617890564445,
    "duration": 7,
    "pid": 60225,
    "index": 59
  },
  {
    "name": "Require(50) node_modules/egg-watcher/app.js",
    "start": 1617890564445,
    "end": 1617890564446,
    "duration": 1,
    "pid": 60225,
    "index": 60
  },
  {
    "name": "Require(51) node_modules/egg-schedule/app.js",
    "start": 1617890564446,
    "end": 1617890564447,
    "duration": 1,
    "pid": 60225,
    "index": 61
  },
  {
    "name": "Require(52) node_modules/egg-multipart/app.js",
    "start": 1617890564447,
    "end": 1617890564447,
    "duration": 0,
    "pid": 60225,
    "index": 62
  },
  {
    "name": "Require(53) node_modules/egg-logrotator/app.js",
    "start": 1617890564447,
    "end": 1617890564448,
    "duration": 1,
    "pid": 60225,
    "index": 63
  },
  {
    "name": "Require(54) node_modules/egg-static/app.js",
    "start": 1617890564448,
    "end": 1617890564449,
    "duration": 1,
    "pid": 60225,
    "index": 64
  },
  {
    "name": "Require(55) node_modules/egg-validate/app.js",
    "start": 1617890564450,
    "end": 1617890564450,
    "duration": 0,
    "pid": 60225,
    "index": 65
  },
  {
    "name": "Require(56) node_modules/egg-view-ejs/app.js",
    "start": 1617890564450,
    "end": 1617890564451,
    "duration": 1,
    "pid": 60225,
    "index": 66
  },
  {
    "name": "Require(57) node_modules/egg-mysql/app.js",
    "start": 1617890564451,
    "end": 1617890564458,
    "duration": 7,
    "pid": 60225,
    "index": 67
  },
  {
    "name": "Require(58) node_modules/egg-sequelize/app.js",
    "start": 1617890564458,
    "end": 1617890564458,
    "duration": 0,
    "pid": 60225,
    "index": 68
  },
  {
    "name": "Require(59) node_modules/egg-jwt/app.js",
    "start": 1617890564458,
    "end": 1617890564459,
    "duration": 1,
    "pid": 60225,
    "index": 69
  },
  {
    "name": "Require(60) node_modules/egg-redis/app.js",
    "start": 1617890564459,
    "end": 1617890564459,
    "duration": 0,
    "pid": 60225,
    "index": 70
  },
  {
    "name": "Require(61) app.js",
    "start": 1617890564460,
    "end": 1617890564460,
    "duration": 0,
    "pid": 60225,
    "index": 71
  },
  {
    "name": "Before Start in node_modules/egg-watcher/lib/init.js:15:14",
    "start": 1617890564482,
    "end": 1617890565486,
    "duration": 1004,
    "pid": 60225,
    "index": 72
  },
  {
    "name": "Before Start in node_modules/egg-mysql/lib/mysql.js:20:7",
    "start": 1617890564658,
    "end": 1617890565494,
    "duration": 836,
    "pid": 60225,
    "index": 73
  },
  {
    "name": "Load \"Symbol(model)\" to Application",
    "start": 1617890565010,
    "end": 1617890565074,
    "duration": 64,
    "pid": 60225,
    "index": 74
  },
  {
    "name": "Before Start in node_modules/egg-sequelize/lib/loader.js:39:7",
    "start": 1617890565079,
    "end": 1617890565588,
    "duration": 509,
    "pid": 60225,
    "index": 75
  },
  {
    "name": "Before Start in node_modules/egg-redis/lib/redis.js:53:7",
    "start": 1617890565191,
    "end": 1617890565488,
    "duration": 297,
    "pid": 60225,
    "index": 76
  },
  {
    "name": "Load Service",
    "start": 1617890565192,
    "end": 1617890565199,
    "duration": 7,
    "pid": 60225,
    "index": 77
  },
  {
    "name": "Load \"service\" to Context",
    "start": 1617890565192,
    "end": 1617890565199,
    "duration": 7,
    "pid": 60225,
    "index": 78
  },
  {
    "name": "Load Middleware",
    "start": 1617890565199,
    "end": 1617890565360,
    "duration": 161,
    "pid": 60225,
    "index": 79
  },
  {
    "name": "Load \"middlewares\" to Application",
    "start": 1617890565200,
    "end": 1617890565320,
    "duration": 120,
    "pid": 60225,
    "index": 80
  },
  {
    "name": "Load Controller",
    "start": 1617890565361,
    "end": 1617890565364,
    "duration": 3,
    "pid": 60225,
    "index": 81
  },
  {
    "name": "Load \"controller\" to Application",
    "start": 1617890565361,
    "end": 1617890565364,
    "duration": 3,
    "pid": 60225,
    "index": 82
  },
  {
    "name": "Load Router",
    "start": 1617890565364,
    "end": 1617890565366,
    "duration": 2,
    "pid": 60225,
    "index": 83
  },
  {
    "name": "Require(62) app/router.js",
    "start": 1617890565364,
    "end": 1617890565365,
    "duration": 1,
    "pid": 60225,
    "index": 84
  },
  {
    "name": "Before Start in node_modules/egg-core/lib/egg.js:303:10",
    "start": 1617890565365,
    "end": 1617890565416,
    "duration": 51,
    "pid": 60225,
    "index": 85
  }
]