[
  {
    "name": "Process Start",
    "start": 1617890287532,
    "end": 1617890288036,
    "duration": 504,
    "pid": 59780,
    "index": 0
  },
  {
    "name": "Application Start",
    "start": 1617890288037,
    "end": 1617890288528,
    "duration": 491,
    "pid": 59780,
    "index": 1
  },
  {
    "name": "Load Plugin",
    "start": 1617890288040,
    "end": 1617890288049,
    "duration": 9,
    "pid": 59780,
    "index": 2
  },
  {
    "name": "Load Config",
    "start": 1617890288049,
    "end": 1617890288066,
    "duration": 17,
    "pid": 59780,
    "index": 3
  },
  {
    "name": "Require(0) config/config.default.js",
    "start": 1617890288050,
    "end": 1617890288050,
    "duration": 0,
    "pid": 59780,
    "index": 4
  },
  {
    "name": "Require(1) node_modules/egg-session/config/config.default.js",
    "start": 1617890288051,
    "end": 1617890288051,
    "duration": 0,
    "pid": 59780,
    "index": 5
  },
  {
    "name": "Require(2) node_modules/egg-security/config/config.default.js",
    "start": 1617890288052,
    "end": 1617890288052,
    "duration": 0,
    "pid": 59780,
    "index": 6
  },
  {
    "name": "Require(3) node_modules/egg-jsonp/config/config.default.js",
    "start": 1617890288052,
    "end": 1617890288053,
    "duration": 1,
    "pid": 59780,
    "index": 7
  },
  {
    "name": "Require(4) node_modules/egg-onerror/config/config.default.js",
    "start": 1617890288053,
    "end": 1617890288053,
    "duration": 0,
    "pid": 59780,
    "index": 8
  },
  {
    "name": "Require(5) node_modules/egg-i18n/config/config.default.js",
    "start": 1617890288053,
    "end": 1617890288053,
    "duration": 0,
    "pid": 59780,
    "index": 9
  },
  {
    "name": "Require(6) node_modules/egg-watcher/config/config.default.js",
    "start": 1617890288054,
    "end": 1617890288055,
    "duration": 1,
    "pid": 59780,
    "index": 10
  },
  {
    "name": "Require(7) node_modules/egg-schedule/config/config.default.js",
    "start": 1617890288055,
    "end": 1617890288056,
    "duration": 1,
    "pid": 59780,
    "index": 11
  },
  {
    "name": "Require(8) node_modules/egg-multipart/config/config.default.js",
    "start": 1617890288056,
    "end": 1617890288056,
    "duration": 0,
    "pid": 59780,
    "index": 12
  },
  {
    "name": "Require(9) node_modules/egg-development/config/config.default.js",
    "start": 1617890288056,
    "end": 1617890288056,
    "duration": 0,
    "pid": 59780,
    "index": 13
  },
  {
    "name": "Require(10) node_modules/egg-logrotator/config/config.default.js",
    "start": 1617890288057,
    "end": 1617890288057,
    "duration": 0,
    "pid": 59780,
    "index": 14
  },
  {
    "name": "Require(11) node_modules/egg-static/config/config.default.js",
    "start": 1617890288057,
    "end": 1617890288057,
    "duration": 0,
    "pid": 59780,
    "index": 15
  },
  {
    "name": "Require(12) node_modules/egg-view/config/config.default.js",
    "start": 1617890288058,
    "end": 1617890288058,
    "duration": 0,
    "pid": 59780,
    "index": 16
  },
  {
    "name": "Require(13) node_modules/egg-validate/config/config.default.js",
    "start": 1617890288058,
    "end": 1617890288058,
    "duration": 0,
    "pid": 59780,
    "index": 17
  },
  {
    "name": "Require(14) node_modules/egg-view-ejs/config/config.default.js",
    "start": 1617890288058,
    "end": 1617890288059,
    "duration": 1,
    "pid": 59780,
    "index": 18
  },
  {
    "name": "Require(15) node_modules/egg-mysql/config/config.default.js",
    "start": 1617890288059,
    "end": 1617890288059,
    "duration": 0,
    "pid": 59780,
    "index": 19
  },
  {
    "name": "Require(16) node_modules/egg-sequelize/config/config.default.js",
    "start": 1617890288060,
    "end": 1617890288060,
    "duration": 0,
    "pid": 59780,
    "index": 20
  },
  {
    "name": "Require(17) node_modules/egg-jwt/config/config.default.js",
    "start": 1617890288060,
    "end": 1617890288060,
    "duration": 0,
    "pid": 59780,
    "index": 21
  },
  {
    "name": "Require(18) node_modules/egg-redis/config/config.default.js",
    "start": 1617890288061,
    "end": 1617890288061,
    "duration": 0,
    "pid": 59780,
    "index": 22
  },
  {
    "name": "Require(19) node_modules/egg/config/config.default.js",
    "start": 1617890288062,
    "end": 1617890288062,
    "duration": 0,
    "pid": 59780,
    "index": 23
  },
  {
    "name": "Require(20) config/config.default.js",
    "start": 1617890288063,
    "end": 1617890288063,
    "duration": 0,
    "pid": 59780,
    "index": 24
  },
  {
    "name": "Require(21) node_modules/egg-security/config/config.local.js",
    "start": 1617890288063,
    "end": 1617890288063,
    "duration": 0,
    "pid": 59780,
    "index": 25
  },
  {
    "name": "Require(22) node_modules/egg-watcher/config/config.local.js",
    "start": 1617890288063,
    "end": 1617890288064,
    "duration": 1,
    "pid": 59780,
    "index": 26
  },
  {
    "name": "Require(23) node_modules/egg-view/config/config.local.js",
    "start": 1617890288064,
    "end": 1617890288064,
    "duration": 0,
    "pid": 59780,
    "index": 27
  },
  {
    "name": "Require(24) node_modules/egg-view-ejs/config/config.local.js",
    "start": 1617890288064,
    "end": 1617890288065,
    "duration": 1,
    "pid": 59780,
    "index": 28
  },
  {
    "name": "Require(25) node_modules/egg/config/config.local.js",
    "start": 1617890288065,
    "end": 1617890288065,
    "duration": 0,
    "pid": 59780,
    "index": 29
  },
  {
    "name": "Load extend/application.js",
    "start": 1617890288066,
    "end": 1617890288093,
    "duration": 27,
    "pid": 59780,
    "index": 30
  },
  {
    "name": "Require(26) node_modules/egg-session/app/extend/application.js",
    "start": 1617890288067,
    "end": 1617890288067,
    "duration": 0,
    "pid": 59780,
    "index": 31
  },
  {
    "name": "Require(27) node_modules/egg-security/app/extend/application.js",
    "start": 1617890288067,
    "end": 1617890288068,
    "duration": 1,
    "pid": 59780,
    "index": 32
  },
  {
    "name": "Require(28) node_modules/egg-jsonp/app/extend/application.js",
    "start": 1617890288068,
    "end": 1617890288069,
    "duration": 1,
    "pid": 59780,
    "index": 33
  },
  {
    "name": "Require(29) node_modules/egg-logrotator/app/extend/application.js",
    "start": 1617890288069,
    "end": 1617890288070,
    "duration": 1,
    "pid": 59780,
    "index": 34
  },
  {
    "name": "Require(30) node_modules/egg-view/app/extend/application.js",
    "start": 1617890288070,
    "end": 1617890288071,
    "duration": 1,
    "pid": 59780,
    "index": 35
  },
  {
    "name": "Require(31) node_modules/egg-jwt/app/extend/application.js",
    "start": 1617890288071,
    "end": 1617890288090,
    "duration": 19,
    "pid": 59780,
    "index": 36
  },
  {
    "name": "Require(32) app/extend/application.js",
    "start": 1617890288090,
    "end": 1617890288091,
    "duration": 1,
    "pid": 59780,
    "index": 37
  },
  {
    "name": "Load extend/request.js",
    "start": 1617890288093,
    "end": 1617890288096,
    "duration": 3,
    "pid": 59780,
    "index": 38
  },
  {
    "name": "Require(33) node_modules/egg/app/extend/request.js",
    "start": 1617890288094,
    "end": 1617890288095,
    "duration": 1,
    "pid": 59780,
    "index": 39
  },
  {
    "name": "Require(34) app/extend/request.js",
    "start": 1617890288095,
    "end": 1617890288095,
    "duration": 0,
    "pid": 59780,
    "index": 40
  },
  {
    "name": "Load extend/response.js",
    "start": 1617890288096,
    "end": 1617890288100,
    "duration": 4,
    "pid": 59780,
    "index": 41
  },
  {
    "name": "Require(35) node_modules/egg/app/extend/response.js",
    "start": 1617890288097,
    "end": 1617890288098,
    "duration": 1,
    "pid": 59780,
    "index": 42
  },
  {
    "name": "Require(36) app/extend/response.js",
    "start": 1617890288098,
    "end": 1617890288098,
    "duration": 0,
    "pid": 59780,
    "index": 43
  },
  {
    "name": "Load extend/context.js",
    "start": 1617890288100,
    "end": 1617890288128,
    "duration": 28,
    "pid": 59780,
    "index": 44
  },
  {
    "name": "Require(37) node_modules/egg-security/app/extend/context.js",
    "start": 1617890288100,
    "end": 1617890288103,
    "duration": 3,
    "pid": 59780,
    "index": 45
  },
  {
    "name": "Require(38) node_modules/egg-jsonp/app/extend/context.js",
    "start": 1617890288103,
    "end": 1617890288104,
    "duration": 1,
    "pid": 59780,
    "index": 46
  },
  {
    "name": "Require(39) node_modules/egg-i18n/app/extend/context.js",
    "start": 1617890288104,
    "end": 1617890288104,
    "duration": 0,
    "pid": 59780,
    "index": 47
  },
  {
    "name": "Require(40) node_modules/egg-multipart/app/extend/context.js",
    "start": 1617890288104,
    "end": 1617890288125,
    "duration": 21,
    "pid": 59780,
    "index": 48
  },
  {
    "name": "Require(41) node_modules/egg-view/app/extend/context.js",
    "start": 1617890288125,
    "end": 1617890288126,
    "duration": 1,
    "pid": 59780,
    "index": 49
  },
  {
    "name": "Require(42) node_modules/egg-validate/app/extend/context.js",
    "start": 1617890288126,
    "end": 1617890288126,
    "duration": 0,
    "pid": 59780,
    "index": 50
  },
  {
    "name": "Require(43) lib/plugin/egg-info/app/extend/context.js",
    "start": 1617890288126,
    "end": 1617890288126,
    "duration": 0,
    "pid": 59780,
    "index": 51
  },
  {
    "name": "Require(44) node_modules/egg/app/extend/context.js",
    "start": 1617890288127,
    "end": 1617890288127,
    "duration": 0,
    "pid": 59780,
    "index": 52
  },
  {
    "name": "Require(45) app/extend/context.js",
    "start": 1617890288127,
    "end": 1617890288127,
    "duration": 0,
    "pid": 59780,
    "index": 53
  },
  {
    "name": "Load extend/helper.js",
    "start": 1617890288129,
    "end": 1617890288139,
    "duration": 10,
    "pid": 59780,
    "index": 54
  },
  {
    "name": "Require(46) node_modules/egg-security/app/extend/helper.js",
    "start": 1617890288129,
    "end": 1617890288136,
    "duration": 7,
    "pid": 59780,
    "index": 55
  },
  {
    "name": "Require(47) node_modules/egg/app/extend/helper.js",
    "start": 1617890288137,
    "end": 1617890288137,
    "duration": 0,
    "pid": 59780,
    "index": 56
  },
  {
    "name": "Require(48) app/extend/helper.js",
    "start": 1617890288137,
    "end": 1617890288138,
    "duration": 1,
    "pid": 59780,
    "index": 57
  },
  {
    "name": "Load app.js",
    "start": 1617890288139,
    "end": 1617890288164,
    "duration": 25,
    "pid": 59780,
    "index": 58
  },
  {
    "name": "Require(49) node_modules/egg-session/app.js",
    "start": 1617890288139,
    "end": 1617890288139,
    "duration": 0,
    "pid": 59780,
    "index": 59
  },
  {
    "name": "Require(50) node_modules/egg-security/app.js",
    "start": 1617890288140,
    "end": 1617890288140,
    "duration": 0,
    "pid": 59780,
    "index": 60
  },
  {
    "name": "Require(51) node_modules/egg-onerror/app.js",
    "start": 1617890288140,
    "end": 1617890288143,
    "duration": 3,
    "pid": 59780,
    "index": 61
  },
  {
    "name": "Require(52) node_modules/egg-i18n/app.js",
    "start": 1617890288143,
    "end": 1617890288149,
    "duration": 6,
    "pid": 59780,
    "index": 62
  },
  {
    "name": "Require(53) node_modules/egg-watcher/app.js",
    "start": 1617890288149,
    "end": 1617890288152,
    "duration": 3,
    "pid": 59780,
    "index": 63
  },
  {
    "name": "Require(54) node_modules/egg-schedule/app.js",
    "start": 1617890288152,
    "end": 1617890288153,
    "duration": 1,
    "pid": 59780,
    "index": 64
  },
  {
    "name": "Require(55) node_modules/egg-multipart/app.js",
    "start": 1617890288153,
    "end": 1617890288153,
    "duration": 0,
    "pid": 59780,
    "index": 65
  },
  {
    "name": "Require(56) node_modules/egg-development/app.js",
    "start": 1617890288153,
    "end": 1617890288154,
    "duration": 1,
    "pid": 59780,
    "index": 66
  },
  {
    "name": "Require(57) node_modules/egg-logrotator/app.js",
    "start": 1617890288154,
    "end": 1617890288154,
    "duration": 0,
    "pid": 59780,
    "index": 67
  },
  {
    "name": "Require(58) node_modules/egg-static/app.js",
    "start": 1617890288154,
    "end": 1617890288154,
    "duration": 0,
    "pid": 59780,
    "index": 68
  },
  {
    "name": "Require(59) node_modules/egg-validate/app.js",
    "start": 1617890288154,
    "end": 1617890288156,
    "duration": 2,
    "pid": 59780,
    "index": 69
  },
  {
    "name": "Require(60) node_modules/egg-view-ejs/app.js",
    "start": 1617890288156,
    "end": 1617890288156,
    "duration": 0,
    "pid": 59780,
    "index": 70
  },
  {
    "name": "Require(61) node_modules/egg-mysql/app.js",
    "start": 1617890288156,
    "end": 1617890288163,
    "duration": 7,
    "pid": 59780,
    "index": 71
  },
  {
    "name": "Require(62) node_modules/egg-sequelize/app.js",
    "start": 1617890288163,
    "end": 1617890288163,
    "duration": 0,
    "pid": 59780,
    "index": 72
  },
  {
    "name": "Require(63) node_modules/egg-jwt/app.js",
    "start": 1617890288163,
    "end": 1617890288163,
    "duration": 0,
    "pid": 59780,
    "index": 73
  },
  {
    "name": "Require(64) node_modules/egg-redis/app.js",
    "start": 1617890288163,
    "end": 1617890288164,
    "duration": 1,
    "pid": 59780,
    "index": 74
  },
  {
    "name": "Require(65) app.js",
    "start": 1617890288164,
    "end": 1617890288164,
    "duration": 0,
    "pid": 59780,
    "index": 75
  },
  {
    "name": "Before Start in node_modules/egg-watcher/lib/init.js:15:14",
    "start": 1617890288172,
    "end": 1617890288518,
    "duration": 346,
    "pid": 59780,
    "index": 76
  },
  {
    "name": "Before Start in node_modules/egg-mysql/lib/mysql.js:20:7",
    "start": 1617890288223,
    "end": 1617890288519,
    "duration": 296,
    "pid": 59780,
    "index": 77
  },
  {
    "name": "Load \"Symbol(model)\" to Application",
    "start": 1617890288364,
    "end": 1617890288377,
    "duration": 13,
    "pid": 59780,
    "index": 78
  },
  {
    "name": "Before Start in node_modules/egg-sequelize/lib/loader.js:39:7",
    "start": 1617890288381,
    "end": 1617890288527,
    "duration": 146,
    "pid": 59780,
    "index": 79
  },
  {
    "name": "Before Start in node_modules/egg-redis/lib/redis.js:53:7",
    "start": 1617890288410,
    "end": 1617890288509,
    "duration": 99,
    "pid": 59780,
    "index": 80
  },
  {
    "name": "Load Service",
    "start": 1617890288410,
    "end": 1617890288418,
    "duration": 8,
    "pid": 59780,
    "index": 81
  },
  {
    "name": "Load \"service\" to Context",
    "start": 1617890288411,
    "end": 1617890288418,
    "duration": 7,
    "pid": 59780,
    "index": 82
  },
  {
    "name": "Load Middleware",
    "start": 1617890288418,
    "end": 1617890288470,
    "duration": 52,
    "pid": 59780,
    "index": 83
  },
  {
    "name": "Load \"middlewares\" to Application",
    "start": 1617890288418,
    "end": 1617890288462,
    "duration": 44,
    "pid": 59780,
    "index": 84
  },
  {
    "name": "Load Controller",
    "start": 1617890288470,
    "end": 1617890288473,
    "duration": 3,
    "pid": 59780,
    "index": 85
  },
  {
    "name": "Load \"controller\" to Application",
    "start": 1617890288470,
    "end": 1617890288473,
    "duration": 3,
    "pid": 59780,
    "index": 86
  },
  {
    "name": "Load Router",
    "start": 1617890288474,
    "end": 1617890288475,
    "duration": 1,
    "pid": 59780,
    "index": 87
  },
  {
    "name": "Require(66) app/router.js",
    "start": 1617890288474,
    "end": 1617890288474,
    "duration": 0,
    "pid": 59780,
    "index": 88
  },
  {
    "name": "Before Start in node_modules/egg-core/lib/egg.js:303:10",
    "start": 1617890288474,
    "end": 1617890288500,
    "duration": 26,
    "pid": 59780,
    "index": 89
  }
]