[
  {
    "name": "Process Start",
    "start": 1617890421119,
    "end": 1617890421979,
    "duration": 860,
    "pid": 59985,
    "index": 0
  },
  {
    "name": "Application Start",
    "start": 1617890421980,
    "end": 1617890423553,
    "duration": 1573,
    "pid": 59985,
    "index": 1
  },
  {
    "name": "Load Plugin",
    "start": 1617890422033,
    "end": 1617890422052,
    "duration": 19,
    "pid": 59985,
    "index": 2
  },
  {
    "name": "Load Config",
    "start": 1617890422052,
    "end": 1617890422088,
    "duration": 36,
    "pid": 59985,
    "index": 3
  },
  {
    "name": "Require(0) config/config.default.js",
    "start": 1617890422053,
    "end": 1617890422053,
    "duration": 0,
    "pid": 59985,
    "index": 4
  },
  {
    "name": "Require(1) config/config.prod.js",
    "start": 1617890422054,
    "end": 1617890422054,
    "duration": 0,
    "pid": 59985,
    "index": 5
  },
  {
    "name": "Require(2) node_modules/egg-session/config/config.default.js",
    "start": 1617890422058,
    "end": 1617890422059,
    "duration": 1,
    "pid": 59985,
    "index": 6
  },
  {
    "name": "Require(3) node_modules/egg-security/config/config.default.js",
    "start": 1617890422059,
    "end": 1617890422059,
    "duration": 0,
    "pid": 59985,
    "index": 7
  },
  {
    "name": "Require(4) node_modules/egg-jsonp/config/config.default.js",
    "start": 1617890422060,
    "end": 1617890422061,
    "duration": 1,
    "pid": 59985,
    "index": 8
  },
  {
    "name": "Require(5) node_modules/egg-onerror/config/config.default.js",
    "start": 1617890422061,
    "end": 1617890422061,
    "duration": 0,
    "pid": 59985,
    "index": 9
  },
  {
    "name": "Require(6) node_modules/egg-i18n/config/config.default.js",
    "start": 1617890422061,
    "end": 1617890422062,
    "duration": 1,
    "pid": 59985,
    "index": 10
  },
  {
    "name": "Require(7) node_modules/egg-watcher/config/config.default.js",
    "start": 1617890422062,
    "end": 1617890422062,
    "duration": 0,
    "pid": 59985,
    "index": 11
  },
  {
    "name": "Require(8) node_modules/egg-schedule/config/config.default.js",
    "start": 1617890422063,
    "end": 1617890422063,
    "duration": 0,
    "pid": 59985,
    "index": 12
  },
  {
    "name": "Require(9) node_modules/egg-multipart/config/config.default.js",
    "start": 1617890422063,
    "end": 1617890422063,
    "duration": 0,
    "pid": 59985,
    "index": 13
  },
  {
    "name": "Require(10) node_modules/egg-logrotator/config/config.default.js",
    "start": 1617890422064,
    "end": 1617890422064,
    "duration": 0,
    "pid": 59985,
    "index": 14
  },
  {
    "name": "Require(11) node_modules/egg-static/config/config.default.js",
    "start": 1617890422064,
    "end": 1617890422065,
    "duration": 1,
    "pid": 59985,
    "index": 15
  },
  {
    "name": "Require(12) node_modules/egg-view/config/config.default.js",
    "start": 1617890422065,
    "end": 1617890422080,
    "duration": 15,
    "pid": 59985,
    "index": 16
  },
  {
    "name": "Require(13) node_modules/egg-validate/config/config.default.js",
    "start": 1617890422080,
    "end": 1617890422081,
    "duration": 1,
    "pid": 59985,
    "index": 17
  },
  {
    "name": "Require(14) node_modules/egg-view-ejs/config/config.default.js",
    "start": 1617890422081,
    "end": 1617890422081,
    "duration": 0,
    "pid": 59985,
    "index": 18
  },
  {
    "name": "Require(15) node_modules/egg-mysql/config/config.default.js",
    "start": 1617890422082,
    "end": 1617890422082,
    "duration": 0,
    "pid": 59985,
    "index": 19
  },
  {
    "name": "Require(16) node_modules/egg-sequelize/config/config.default.js",
    "start": 1617890422082,
    "end": 1617890422082,
    "duration": 0,
    "pid": 59985,
    "index": 20
  },
  {
    "name": "Require(17) node_modules/egg-jwt/config/config.default.js",
    "start": 1617890422082,
    "end": 1617890422083,
    "duration": 1,
    "pid": 59985,
    "index": 21
  },
  {
    "name": "Require(18) node_modules/egg-redis/config/config.default.js",
    "start": 1617890422083,
    "end": 1617890422083,
    "duration": 0,
    "pid": 59985,
    "index": 22
  },
  {
    "name": "Require(19) node_modules/egg/config/config.default.js",
    "start": 1617890422084,
    "end": 1617890422084,
    "duration": 0,
    "pid": 59985,
    "index": 23
  },
  {
    "name": "Require(20) config/config.default.js",
    "start": 1617890422085,
    "end": 1617890422085,
    "duration": 0,
    "pid": 59985,
    "index": 24
  },
  {
    "name": "Require(21) node_modules/egg-static/config/config.prod.js",
    "start": 1617890422086,
    "end": 1617890422086,
    "duration": 0,
    "pid": 59985,
    "index": 25
  },
  {
    "name": "Require(22) config/config.prod.js",
    "start": 1617890422088,
    "end": 1617890422088,
    "duration": 0,
    "pid": 59985,
    "index": 26
  },
  {
    "name": "Load extend/application.js",
    "start": 1617890422121,
    "end": 1617890422161,
    "duration": 40,
    "pid": 59985,
    "index": 27
  },
  {
    "name": "Require(23) node_modules/egg-session/app/extend/application.js",
    "start": 1617890422121,
    "end": 1617890422122,
    "duration": 1,
    "pid": 59985,
    "index": 28
  },
  {
    "name": "Require(24) node_modules/egg-security/app/extend/application.js",
    "start": 1617890422122,
    "end": 1617890422122,
    "duration": 0,
    "pid": 59985,
    "index": 29
  },
  {
    "name": "Require(25) node_modules/egg-jsonp/app/extend/application.js",
    "start": 1617890422122,
    "end": 1617890422123,
    "duration": 1,
    "pid": 59985,
    "index": 30
  },
  {
    "name": "Require(26) node_modules/egg-logrotator/app/extend/application.js",
    "start": 1617890422123,
    "end": 1617890422124,
    "duration": 1,
    "pid": 59985,
    "index": 31
  },
  {
    "name": "Require(27) node_modules/egg-view/app/extend/application.js",
    "start": 1617890422124,
    "end": 1617890422124,
    "duration": 0,
    "pid": 59985,
    "index": 32
  },
  {
    "name": "Require(28) node_modules/egg-jwt/app/extend/application.js",
    "start": 1617890422125,
    "end": 1617890422159,
    "duration": 34,
    "pid": 59985,
    "index": 33
  },
  {
    "name": "Require(29) app/extend/application.js",
    "start": 1617890422159,
    "end": 1617890422159,
    "duration": 0,
    "pid": 59985,
    "index": 34
  },
  {
    "name": "Load extend/request.js",
    "start": 1617890422161,
    "end": 1617890422165,
    "duration": 4,
    "pid": 59985,
    "index": 35
  },
  {
    "name": "Require(30) node_modules/egg/app/extend/request.js",
    "start": 1617890422162,
    "end": 1617890422163,
    "duration": 1,
    "pid": 59985,
    "index": 36
  },
  {
    "name": "Require(31) app/extend/request.js",
    "start": 1617890422163,
    "end": 1617890422163,
    "duration": 0,
    "pid": 59985,
    "index": 37
  },
  {
    "name": "Load extend/response.js",
    "start": 1617890422165,
    "end": 1617890422170,
    "duration": 5,
    "pid": 59985,
    "index": 38
  },
  {
    "name": "Require(32) node_modules/egg/app/extend/response.js",
    "start": 1617890422167,
    "end": 1617890422168,
    "duration": 1,
    "pid": 59985,
    "index": 39
  },
  {
    "name": "Require(33) app/extend/response.js",
    "start": 1617890422168,
    "end": 1617890422169,
    "duration": 1,
    "pid": 59985,
    "index": 40
  },
  {
    "name": "Load extend/context.js",
    "start": 1617890422170,
    "end": 1617890422250,
    "duration": 80,
    "pid": 59985,
    "index": 41
  },
  {
    "name": "Require(34) node_modules/egg-security/app/extend/context.js",
    "start": 1617890422170,
    "end": 1617890422174,
    "duration": 4,
    "pid": 59985,
    "index": 42
  },
  {
    "name": "Require(35) node_modules/egg-jsonp/app/extend/context.js",
    "start": 1617890422174,
    "end": 1617890422174,
    "duration": 0,
    "pid": 59985,
    "index": 43
  },
  {
    "name": "Require(36) node_modules/egg-i18n/app/extend/context.js",
    "start": 1617890422175,
    "end": 1617890422175,
    "duration": 0,
    "pid": 59985,
    "index": 44
  },
  {
    "name": "Require(37) node_modules/egg-multipart/app/extend/context.js",
    "start": 1617890422175,
    "end": 1617890422236,
    "duration": 61,
    "pid": 59985,
    "index": 45
  },
  {
    "name": "Require(38) node_modules/egg-view/app/extend/context.js",
    "start": 1617890422236,
    "end": 1617890422237,
    "duration": 1,
    "pid": 59985,
    "index": 46
  },
  {
    "name": "Require(39) node_modules/egg-validate/app/extend/context.js",
    "start": 1617890422237,
    "end": 1617890422237,
    "duration": 0,
    "pid": 59985,
    "index": 47
  },
  {
    "name": "Require(40) lib/plugin/egg-info/app/extend/context.js",
    "start": 1617890422237,
    "end": 1617890422237,
    "duration": 0,
    "pid": 59985,
    "index": 48
  },
  {
    "name": "Require(41) node_modules/egg/app/extend/context.js",
    "start": 1617890422238,
    "end": 1617890422248,
    "duration": 10,
    "pid": 59985,
    "index": 49
  },
  {
    "name": "Require(42) app/extend/context.js",
    "start": 1617890422248,
    "end": 1617890422248,
    "duration": 0,
    "pid": 59985,
    "index": 50
  },
  {
    "name": "Load extend/helper.js",
    "start": 1617890422250,
    "end": 1617890422301,
    "duration": 51,
    "pid": 59985,
    "index": 51
  },
  {
    "name": "Require(43) node_modules/egg-security/app/extend/helper.js",
    "start": 1617890422250,
    "end": 1617890422259,
    "duration": 9,
    "pid": 59985,
    "index": 52
  },
  {
    "name": "Require(44) node_modules/egg/app/extend/helper.js",
    "start": 1617890422298,
    "end": 1617890422299,
    "duration": 1,
    "pid": 59985,
    "index": 53
  },
  {
    "name": "Require(45) app/extend/helper.js",
    "start": 1617890422299,
    "end": 1617890422300,
    "duration": 1,
    "pid": 59985,
    "index": 54
  },
  {
    "name": "Load app.js",
    "start": 1617890422301,
    "end": 1617890422352,
    "duration": 51,
    "pid": 59985,
    "index": 55
  },
  {
    "name": "Require(46) node_modules/egg-session/app.js",
    "start": 1617890422301,
    "end": 1617890422301,
    "duration": 0,
    "pid": 59985,
    "index": 56
  },
  {
    "name": "Require(47) node_modules/egg-security/app.js",
    "start": 1617890422301,
    "end": 1617890422302,
    "duration": 1,
    "pid": 59985,
    "index": 57
  },
  {
    "name": "Require(48) node_modules/egg-onerror/app.js",
    "start": 1617890422302,
    "end": 1617890422305,
    "duration": 3,
    "pid": 59985,
    "index": 58
  },
  {
    "name": "Require(49) node_modules/egg-i18n/app.js",
    "start": 1617890422305,
    "end": 1617890422326,
    "duration": 21,
    "pid": 59985,
    "index": 59
  },
  {
    "name": "Require(50) node_modules/egg-watcher/app.js",
    "start": 1617890422326,
    "end": 1617890422328,
    "duration": 2,
    "pid": 59985,
    "index": 60
  },
  {
    "name": "Require(51) node_modules/egg-schedule/app.js",
    "start": 1617890422328,
    "end": 1617890422328,
    "duration": 0,
    "pid": 59985,
    "index": 61
  },
  {
    "name": "Require(52) node_modules/egg-multipart/app.js",
    "start": 1617890422328,
    "end": 1617890422329,
    "duration": 1,
    "pid": 59985,
    "index": 62
  },
  {
    "name": "Require(53) node_modules/egg-logrotator/app.js",
    "start": 1617890422329,
    "end": 1617890422329,
    "duration": 0,
    "pid": 59985,
    "index": 63
  },
  {
    "name": "Require(54) node_modules/egg-static/app.js",
    "start": 1617890422329,
    "end": 1617890422329,
    "duration": 0,
    "pid": 59985,
    "index": 64
  },
  {
    "name": "Require(55) node_modules/egg-validate/app.js",
    "start": 1617890422329,
    "end": 1617890422330,
    "duration": 1,
    "pid": 59985,
    "index": 65
  },
  {
    "name": "Require(56) node_modules/egg-view-ejs/app.js",
    "start": 1617890422330,
    "end": 1617890422330,
    "duration": 0,
    "pid": 59985,
    "index": 66
  },
  {
    "name": "Require(57) node_modules/egg-mysql/app.js",
    "start": 1617890422331,
    "end": 1617890422350,
    "duration": 19,
    "pid": 59985,
    "index": 67
  },
  {
    "name": "Require(58) node_modules/egg-sequelize/app.js",
    "start": 1617890422350,
    "end": 1617890422350,
    "duration": 0,
    "pid": 59985,
    "index": 68
  },
  {
    "name": "Require(59) node_modules/egg-jwt/app.js",
    "start": 1617890422350,
    "end": 1617890422350,
    "duration": 0,
    "pid": 59985,
    "index": 69
  },
  {
    "name": "Require(60) node_modules/egg-redis/app.js",
    "start": 1617890422350,
    "end": 1617890422351,
    "duration": 1,
    "pid": 59985,
    "index": 70
  },
  {
    "name": "Require(61) app.js",
    "start": 1617890422352,
    "end": 1617890422352,
    "duration": 0,
    "pid": 59985,
    "index": 71
  },
  {
    "name": "Before Start in node_modules/egg-watcher/lib/init.js:15:14",
    "start": 1617890422375,
    "end": 1617890423459,
    "duration": 1084,
    "pid": 59985,
    "index": 72
  },
  {
    "name": "Before Start in node_modules/egg-mysql/lib/mysql.js:20:7",
    "start": 1617890422487,
    "end": 1617890423490,
    "duration": 1003,
    "pid": 59985,
    "index": 73
  },
  {
    "name": "Load \"Symbol(model)\" to Application",
    "start": 1617890423028,
    "end": 1617890423053,
    "duration": 25,
    "pid": 59985,
    "index": 74
  },
  {
    "name": "Before Start in node_modules/egg-sequelize/lib/loader.js:39:7",
    "start": 1617890423098,
    "end": 1617890423553,
    "duration": 455,
    "pid": 59985,
    "index": 75
  },
  {
    "name": "Before Start in node_modules/egg-redis/lib/redis.js:53:7",
    "start": 1617890423194,
    "end": 1617890423463,
    "duration": 269,
    "pid": 59985,
    "index": 76
  },
  {
    "name": "Load Service",
    "start": 1617890423195,
    "end": 1617890423254,
    "duration": 59,
    "pid": 59985,
    "index": 77
  },
  {
    "name": "Load \"service\" to Context",
    "start": 1617890423195,
    "end": 1617890423254,
    "duration": 59,
    "pid": 59985,
    "index": 78
  },
  {
    "name": "Load Middleware",
    "start": 1617890423254,
    "end": 1617890423360,
    "duration": 106,
    "pid": 59985,
    "index": 79
  },
  {
    "name": "Load \"middlewares\" to Application",
    "start": 1617890423254,
    "end": 1617890423337,
    "duration": 83,
    "pid": 59985,
    "index": 80
  },
  {
    "name": "Load Controller",
    "start": 1617890423360,
    "end": 1617890423364,
    "duration": 4,
    "pid": 59985,
    "index": 81
  },
  {
    "name": "Load \"controller\" to Application",
    "start": 1617890423360,
    "end": 1617890423364,
    "duration": 4,
    "pid": 59985,
    "index": 82
  },
  {
    "name": "Load Router",
    "start": 1617890423364,
    "end": 1617890423366,
    "duration": 2,
    "pid": 59985,
    "index": 83
  },
  {
    "name": "Require(62) app/router.js",
    "start": 1617890423364,
    "end": 1617890423364,
    "duration": 0,
    "pid": 59985,
    "index": 84
  },
  {
    "name": "Before Start in node_modules/egg-core/lib/egg.js:303:10",
    "start": 1617890423365,
    "end": 1617890423420,
    "duration": 55,
    "pid": 59985,
    "index": 85
  }
]