[
  {
    "name": "Process Start",
    "start": 1617890563305,
    "end": 1617890564105,
    "duration": 800,
    "pid": 60223,
    "index": 0
  },
  {
    "name": "Application Start",
    "start": 1617890564105,
    "end": 1617890565516,
    "duration": 1411,
    "pid": 60223,
    "index": 1
  },
  {
    "name": "Load Plugin",
    "start": 1617890564108,
    "end": 1617890564124,
    "duration": 16,
    "pid": 60223,
    "index": 2
  },
  {
    "name": "Load Config",
    "start": 1617890564124,
    "end": 1617890564141,
    "duration": 17,
    "pid": 60223,
    "index": 3
  },
  {
    "name": "Require(0) config/config.default.js",
    "start": 1617890564124,
    "end": 1617890564125,
    "duration": 1,
    "pid": 60223,
    "index": 4
  },
  {
    "name": "Require(1) config/config.prod.js",
    "start": 1617890564126,
    "end": 1617890564126,
    "duration": 0,
    "pid": 60223,
    "index": 5
  },
  {
    "name": "Require(2) node_modules/egg-session/config/config.default.js",
    "start": 1617890564126,
    "end": 1617890564127,
    "duration": 1,
    "pid": 60223,
    "index": 6
  },
  {
    "name": "Require(3) node_modules/egg-security/config/config.default.js",
    "start": 1617890564127,
    "end": 1617890564127,
    "duration": 0,
    "pid": 60223,
    "index": 7
  },
  {
    "name": "Require(4) node_modules/egg-jsonp/config/config.default.js",
    "start": 1617890564128,
    "end": 1617890564128,
    "duration": 0,
    "pid": 60223,
    "index": 8
  },
  {
    "name": "Require(5) node_modules/egg-onerror/config/config.default.js",
    "start": 1617890564128,
    "end": 1617890564128,
    "duration": 0,
    "pid": 60223,
    "index": 9
  },
  {
    "name": "Require(6) node_modules/egg-i18n/config/config.default.js",
    "start": 1617890564128,
    "end": 1617890564129,
    "duration": 1,
    "pid": 60223,
    "index": 10
  },
  {
    "name": "Require(7) node_modules/egg-watcher/config/config.default.js",
    "start": 1617890564129,
    "end": 1617890564129,
    "duration": 0,
    "pid": 60223,
    "index": 11
  },
  {
    "name": "Require(8) node_modules/egg-schedule/config/config.default.js",
    "start": 1617890564129,
    "end": 1617890564129,
    "duration": 0,
    "pid": 60223,
    "index": 12
  },
  {
    "name": "Require(9) node_modules/egg-multipart/config/config.default.js",
    "start": 1617890564130,
    "end": 1617890564130,
    "duration": 0,
    "pid": 60223,
    "index": 13
  },
  {
    "name": "Require(10) node_modules/egg-logrotator/config/config.default.js",
    "start": 1617890564130,
    "end": 1617890564130,
    "duration": 0,
    "pid": 60223,
    "index": 14
  },
  {
    "name": "Require(11) node_modules/egg-static/config/config.default.js",
    "start": 1617890564130,
    "end": 1617890564131,
    "duration": 1,
    "pid": 60223,
    "index": 15
  },
  {
    "name": "Require(12) node_modules/egg-view/config/config.default.js",
    "start": 1617890564131,
    "end": 1617890564131,
    "duration": 0,
    "pid": 60223,
    "index": 16
  },
  {
    "name": "Require(13) node_modules/egg-validate/config/config.default.js",
    "start": 1617890564131,
    "end": 1617890564132,
    "duration": 1,
    "pid": 60223,
    "index": 17
  },
  {
    "name": "Require(14) node_modules/egg-view-ejs/config/config.default.js",
    "start": 1617890564132,
    "end": 1617890564132,
    "duration": 0,
    "pid": 60223,
    "index": 18
  },
  {
    "name": "Require(15) node_modules/egg-mysql/config/config.default.js",
    "start": 1617890564133,
    "end": 1617890564133,
    "duration": 0,
    "pid": 60223,
    "index": 19
  },
  {
    "name": "Require(16) node_modules/egg-sequelize/config/config.default.js",
    "start": 1617890564133,
    "end": 1617890564133,
    "duration": 0,
    "pid": 60223,
    "index": 20
  },
  {
    "name": "Require(17) node_modules/egg-jwt/config/config.default.js",
    "start": 1617890564136,
    "end": 1617890564136,
    "duration": 0,
    "pid": 60223,
    "index": 21
  },
  {
    "name": "Require(18) node_modules/egg-redis/config/config.default.js",
    "start": 1617890564136,
    "end": 1617890564136,
    "duration": 0,
    "pid": 60223,
    "index": 22
  },
  {
    "name": "Require(19) node_modules/egg/config/config.default.js",
    "start": 1617890564137,
    "end": 1617890564137,
    "duration": 0,
    "pid": 60223,
    "index": 23
  },
  {
    "name": "Require(20) config/config.default.js",
    "start": 1617890564139,
    "end": 1617890564139,
    "duration": 0,
    "pid": 60223,
    "index": 24
  },
  {
    "name": "Require(21) node_modules/egg-static/config/config.prod.js",
    "start": 1617890564139,
    "end": 1617890564140,
    "duration": 1,
    "pid": 60223,
    "index": 25
  },
  {
    "name": "Require(22) config/config.prod.js",
    "start": 1617890564140,
    "end": 1617890564140,
    "duration": 0,
    "pid": 60223,
    "index": 26
  },
  {
    "name": "Load extend/application.js",
    "start": 1617890564159,
    "end": 1617890564276,
    "duration": 117,
    "pid": 60223,
    "index": 27
  },
  {
    "name": "Require(23) node_modules/egg-session/app/extend/application.js",
    "start": 1617890564159,
    "end": 1617890564159,
    "duration": 0,
    "pid": 60223,
    "index": 28
  },
  {
    "name": "Require(24) node_modules/egg-security/app/extend/application.js",
    "start": 1617890564159,
    "end": 1617890564160,
    "duration": 1,
    "pid": 60223,
    "index": 29
  },
  {
    "name": "Require(25) node_modules/egg-jsonp/app/extend/application.js",
    "start": 1617890564160,
    "end": 1617890564160,
    "duration": 0,
    "pid": 60223,
    "index": 30
  },
  {
    "name": "Require(26) node_modules/egg-logrotator/app/extend/application.js",
    "start": 1617890564161,
    "end": 1617890564161,
    "duration": 0,
    "pid": 60223,
    "index": 31
  },
  {
    "name": "Require(27) node_modules/egg-view/app/extend/application.js",
    "start": 1617890564161,
    "end": 1617890564162,
    "duration": 1,
    "pid": 60223,
    "index": 32
  },
  {
    "name": "Require(28) node_modules/egg-jwt/app/extend/application.js",
    "start": 1617890564163,
    "end": 1617890564262,
    "duration": 99,
    "pid": 60223,
    "index": 33
  },
  {
    "name": "Require(29) app/extend/application.js",
    "start": 1617890564263,
    "end": 1617890564275,
    "duration": 12,
    "pid": 60223,
    "index": 34
  },
  {
    "name": "Load extend/request.js",
    "start": 1617890564276,
    "end": 1617890564280,
    "duration": 4,
    "pid": 60223,
    "index": 35
  },
  {
    "name": "Require(30) node_modules/egg/app/extend/request.js",
    "start": 1617890564278,
    "end": 1617890564278,
    "duration": 0,
    "pid": 60223,
    "index": 36
  },
  {
    "name": "Require(31) app/extend/request.js",
    "start": 1617890564278,
    "end": 1617890564279,
    "duration": 1,
    "pid": 60223,
    "index": 37
  },
  {
    "name": "Load extend/response.js",
    "start": 1617890564280,
    "end": 1617890564291,
    "duration": 11,
    "pid": 60223,
    "index": 38
  },
  {
    "name": "Require(32) node_modules/egg/app/extend/response.js",
    "start": 1617890564285,
    "end": 1617890564286,
    "duration": 1,
    "pid": 60223,
    "index": 39
  },
  {
    "name": "Require(33) app/extend/response.js",
    "start": 1617890564286,
    "end": 1617890564286,
    "duration": 0,
    "pid": 60223,
    "index": 40
  },
  {
    "name": "Load extend/context.js",
    "start": 1617890564291,
    "end": 1617890564332,
    "duration": 41,
    "pid": 60223,
    "index": 41
  },
  {
    "name": "Require(34) node_modules/egg-security/app/extend/context.js",
    "start": 1617890564292,
    "end": 1617890564295,
    "duration": 3,
    "pid": 60223,
    "index": 42
  },
  {
    "name": "Require(35) node_modules/egg-jsonp/app/extend/context.js",
    "start": 1617890564295,
    "end": 1617890564296,
    "duration": 1,
    "pid": 60223,
    "index": 43
  },
  {
    "name": "Require(36) node_modules/egg-i18n/app/extend/context.js",
    "start": 1617890564296,
    "end": 1617890564296,
    "duration": 0,
    "pid": 60223,
    "index": 44
  },
  {
    "name": "Require(37) node_modules/egg-multipart/app/extend/context.js",
    "start": 1617890564296,
    "end": 1617890564326,
    "duration": 30,
    "pid": 60223,
    "index": 45
  },
  {
    "name": "Require(38) node_modules/egg-view/app/extend/context.js",
    "start": 1617890564327,
    "end": 1617890564328,
    "duration": 1,
    "pid": 60223,
    "index": 46
  },
  {
    "name": "Require(39) node_modules/egg-validate/app/extend/context.js",
    "start": 1617890564328,
    "end": 1617890564328,
    "duration": 0,
    "pid": 60223,
    "index": 47
  },
  {
    "name": "Require(40) lib/plugin/egg-info/app/extend/context.js",
    "start": 1617890564328,
    "end": 1617890564329,
    "duration": 1,
    "pid": 60223,
    "index": 48
  },
  {
    "name": "Require(41) node_modules/egg/app/extend/context.js",
    "start": 1617890564329,
    "end": 1617890564330,
    "duration": 1,
    "pid": 60223,
    "index": 49
  },
  {
    "name": "Require(42) app/extend/context.js",
    "start": 1617890564330,
    "end": 1617890564330,
    "duration": 0,
    "pid": 60223,
    "index": 50
  },
  {
    "name": "Load extend/helper.js",
    "start": 1617890564332,
    "end": 1617890564356,
    "duration": 24,
    "pid": 60223,
    "index": 51
  },
  {
    "name": "Require(43) node_modules/egg-security/app/extend/helper.js",
    "start": 1617890564332,
    "end": 1617890564344,
    "duration": 12,
    "pid": 60223,
    "index": 52
  },
  {
    "name": "Require(44) node_modules/egg/app/extend/helper.js",
    "start": 1617890564353,
    "end": 1617890564354,
    "duration": 1,
    "pid": 60223,
    "index": 53
  },
  {
    "name": "Require(45) app/extend/helper.js",
    "start": 1617890564354,
    "end": 1617890564355,
    "duration": 1,
    "pid": 60223,
    "index": 54
  },
  {
    "name": "Load app.js",
    "start": 1617890564356,
    "end": 1617890564434,
    "duration": 78,
    "pid": 60223,
    "index": 55
  },
  {
    "name": "Require(46) node_modules/egg-session/app.js",
    "start": 1617890564356,
    "end": 1617890564356,
    "duration": 0,
    "pid": 60223,
    "index": 56
  },
  {
    "name": "Require(47) node_modules/egg-security/app.js",
    "start": 1617890564357,
    "end": 1617890564357,
    "duration": 0,
    "pid": 60223,
    "index": 57
  },
  {
    "name": "Require(48) node_modules/egg-onerror/app.js",
    "start": 1617890564357,
    "end": 1617890564360,
    "duration": 3,
    "pid": 60223,
    "index": 58
  },
  {
    "name": "Require(49) node_modules/egg-i18n/app.js",
    "start": 1617890564361,
    "end": 1617890564379,
    "duration": 18,
    "pid": 60223,
    "index": 59
  },
  {
    "name": "Require(50) node_modules/egg-watcher/app.js",
    "start": 1617890564379,
    "end": 1617890564380,
    "duration": 1,
    "pid": 60223,
    "index": 60
  },
  {
    "name": "Require(51) node_modules/egg-schedule/app.js",
    "start": 1617890564381,
    "end": 1617890564381,
    "duration": 0,
    "pid": 60223,
    "index": 61
  },
  {
    "name": "Require(52) node_modules/egg-multipart/app.js",
    "start": 1617890564381,
    "end": 1617890564382,
    "duration": 1,
    "pid": 60223,
    "index": 62
  },
  {
    "name": "Require(53) node_modules/egg-logrotator/app.js",
    "start": 1617890564382,
    "end": 1617890564382,
    "duration": 0,
    "pid": 60223,
    "index": 63
  },
  {
    "name": "Require(54) node_modules/egg-static/app.js",
    "start": 1617890564383,
    "end": 1617890564383,
    "duration": 0,
    "pid": 60223,
    "index": 64
  },
  {
    "name": "Require(55) node_modules/egg-validate/app.js",
    "start": 1617890564383,
    "end": 1617890564386,
    "duration": 3,
    "pid": 60223,
    "index": 65
  },
  {
    "name": "Require(56) node_modules/egg-view-ejs/app.js",
    "start": 1617890564386,
    "end": 1617890564386,
    "duration": 0,
    "pid": 60223,
    "index": 66
  },
  {
    "name": "Require(57) node_modules/egg-mysql/app.js",
    "start": 1617890564387,
    "end": 1617890564414,
    "duration": 27,
    "pid": 60223,
    "index": 67
  },
  {
    "name": "Require(58) node_modules/egg-sequelize/app.js",
    "start": 1617890564415,
    "end": 1617890564415,
    "duration": 0,
    "pid": 60223,
    "index": 68
  },
  {
    "name": "Require(59) node_modules/egg-jwt/app.js",
    "start": 1617890564415,
    "end": 1617890564415,
    "duration": 0,
    "pid": 60223,
    "index": 69
  },
  {
    "name": "Require(60) node_modules/egg-redis/app.js",
    "start": 1617890564415,
    "end": 1617890564432,
    "duration": 17,
    "pid": 60223,
    "index": 70
  },
  {
    "name": "Require(61) app.js",
    "start": 1617890564433,
    "end": 1617890564434,
    "duration": 1,
    "pid": 60223,
    "index": 71
  },
  {
    "name": "Before Start in node_modules/egg-watcher/lib/init.js:15:14",
    "start": 1617890564464,
    "end": 1617890565413,
    "duration": 949,
    "pid": 60223,
    "index": 72
  },
  {
    "name": "Before Start in node_modules/egg-mysql/lib/mysql.js:20:7",
    "start": 1617890564584,
    "end": 1617890565442,
    "duration": 858,
    "pid": 60223,
    "index": 73
  },
  {
    "name": "Load \"Symbol(model)\" to Application",
    "start": 1617890564970,
    "end": 1617890565005,
    "duration": 35,
    "pid": 60223,
    "index": 74
  },
  {
    "name": "Before Start in node_modules/egg-sequelize/lib/loader.js:39:7",
    "start": 1617890565011,
    "end": 1617890565516,
    "duration": 505,
    "pid": 60223,
    "index": 75
  },
  {
    "name": "Before Start in node_modules/egg-redis/lib/redis.js:53:7",
    "start": 1617890565062,
    "end": 1617890565414,
    "duration": 352,
    "pid": 60223,
    "index": 76
  },
  {
    "name": "Load Service",
    "start": 1617890565062,
    "end": 1617890565098,
    "duration": 36,
    "pid": 60223,
    "index": 77
  },
  {
    "name": "Load \"service\" to Context",
    "start": 1617890565063,
    "end": 1617890565098,
    "duration": 35,
    "pid": 60223,
    "index": 78
  },
  {
    "name": "Load Middleware",
    "start": 1617890565106,
    "end": 1617890565304,
    "duration": 198,
    "pid": 60223,
    "index": 79
  },
  {
    "name": "Load \"middlewares\" to Application",
    "start": 1617890565108,
    "end": 1617890565257,
    "duration": 149,
    "pid": 60223,
    "index": 80
  },
  {
    "name": "Load Controller",
    "start": 1617890565306,
    "end": 1617890565313,
    "duration": 7,
    "pid": 60223,
    "index": 81
  },
  {
    "name": "Load \"controller\" to Application",
    "start": 1617890565306,
    "end": 1617890565313,
    "duration": 7,
    "pid": 60223,
    "index": 82
  },
  {
    "name": "Load Router",
    "start": 1617890565313,
    "end": 1617890565314,
    "duration": 1,
    "pid": 60223,
    "index": 83
  },
  {
    "name": "Require(62) app/router.js",
    "start": 1617890565313,
    "end": 1617890565313,
    "duration": 0,
    "pid": 60223,
    "index": 84
  },
  {
    "name": "Before Start in node_modules/egg-core/lib/egg.js:303:10",
    "start": 1617890565313,
    "end": 1617890565370,
    "duration": 57,
    "pid": 60223,
    "index": 85
  }
]