[
  {
    "name": "Process Start",
    "start": 1617890421150,
    "end": 1617890422048,
    "duration": 898,
    "pid": 59987,
    "index": 0
  },
  {
    "name": "Application Start",
    "start": 1617890422048,
    "end": 1617890423568,
    "duration": 1520,
    "pid": 59987,
    "index": 1
  },
  {
    "name": "Load Plugin",
    "start": 1617890422051,
    "end": 1617890422079,
    "duration": 28,
    "pid": 59987,
    "index": 2
  },
  {
    "name": "Load Config",
    "start": 1617890422079,
    "end": 1617890422109,
    "duration": 30,
    "pid": 59987,
    "index": 3
  },
  {
    "name": "Require(0) config/config.default.js",
    "start": 1617890422080,
    "end": 1617890422080,
    "duration": 0,
    "pid": 59987,
    "index": 4
  },
  {
    "name": "Require(1) config/config.prod.js",
    "start": 1617890422081,
    "end": 1617890422081,
    "duration": 0,
    "pid": 59987,
    "index": 5
  },
  {
    "name": "Require(2) node_modules/egg-session/config/config.default.js",
    "start": 1617890422082,
    "end": 1617890422082,
    "duration": 0,
    "pid": 59987,
    "index": 6
  },
  {
    "name": "Require(3) node_modules/egg-security/config/config.default.js",
    "start": 1617890422082,
    "end": 1617890422082,
    "duration": 0,
    "pid": 59987,
    "index": 7
  },
  {
    "name": "Require(4) node_modules/egg-jsonp/config/config.default.js",
    "start": 1617890422088,
    "end": 1617890422088,
    "duration": 0,
    "pid": 59987,
    "index": 8
  },
  {
    "name": "Require(5) node_modules/egg-onerror/config/config.default.js",
    "start": 1617890422088,
    "end": 1617890422089,
    "duration": 1,
    "pid": 59987,
    "index": 9
  },
  {
    "name": "Require(6) node_modules/egg-i18n/config/config.default.js",
    "start": 1617890422089,
    "end": 1617890422089,
    "duration": 0,
    "pid": 59987,
    "index": 10
  },
  {
    "name": "Require(7) node_modules/egg-watcher/config/config.default.js",
    "start": 1617890422090,
    "end": 1617890422090,
    "duration": 0,
    "pid": 59987,
    "index": 11
  },
  {
    "name": "Require(8) node_modules/egg-schedule/config/config.default.js",
    "start": 1617890422090,
    "end": 1617890422091,
    "duration": 1,
    "pid": 59987,
    "index": 12
  },
  {
    "name": "Require(9) node_modules/egg-multipart/config/config.default.js",
    "start": 1617890422091,
    "end": 1617890422091,
    "duration": 0,
    "pid": 59987,
    "index": 13
  },
  {
    "name": "Require(10) node_modules/egg-logrotator/config/config.default.js",
    "start": 1617890422092,
    "end": 1617890422092,
    "duration": 0,
    "pid": 59987,
    "index": 14
  },
  {
    "name": "Require(11) node_modules/egg-static/config/config.default.js",
    "start": 1617890422093,
    "end": 1617890422093,
    "duration": 0,
    "pid": 59987,
    "index": 15
  },
  {
    "name": "Require(12) node_modules/egg-view/config/config.default.js",
    "start": 1617890422093,
    "end": 1617890422103,
    "duration": 10,
    "pid": 59987,
    "index": 16
  },
  {
    "name": "Require(13) node_modules/egg-validate/config/config.default.js",
    "start": 1617890422103,
    "end": 1617890422103,
    "duration": 0,
    "pid": 59987,
    "index": 17
  },
  {
    "name": "Require(14) node_modules/egg-view-ejs/config/config.default.js",
    "start": 1617890422103,
    "end": 1617890422104,
    "duration": 1,
    "pid": 59987,
    "index": 18
  },
  {
    "name": "Require(15) node_modules/egg-mysql/config/config.default.js",
    "start": 1617890422104,
    "end": 1617890422104,
    "duration": 0,
    "pid": 59987,
    "index": 19
  },
  {
    "name": "Require(16) node_modules/egg-sequelize/config/config.default.js",
    "start": 1617890422104,
    "end": 1617890422105,
    "duration": 1,
    "pid": 59987,
    "index": 20
  },
  {
    "name": "Require(17) node_modules/egg-jwt/config/config.default.js",
    "start": 1617890422105,
    "end": 1617890422105,
    "duration": 0,
    "pid": 59987,
    "index": 21
  },
  {
    "name": "Require(18) node_modules/egg-redis/config/config.default.js",
    "start": 1617890422105,
    "end": 1617890422105,
    "duration": 0,
    "pid": 59987,
    "index": 22
  },
  {
    "name": "Require(19) node_modules/egg/config/config.default.js",
    "start": 1617890422106,
    "end": 1617890422106,
    "duration": 0,
    "pid": 59987,
    "index": 23
  },
  {
    "name": "Require(20) config/config.default.js",
    "start": 1617890422107,
    "end": 1617890422107,
    "duration": 0,
    "pid": 59987,
    "index": 24
  },
  {
    "name": "Require(21) node_modules/egg-static/config/config.prod.js",
    "start": 1617890422108,
    "end": 1617890422108,
    "duration": 0,
    "pid": 59987,
    "index": 25
  },
  {
    "name": "Require(22) config/config.prod.js",
    "start": 1617890422109,
    "end": 1617890422109,
    "duration": 0,
    "pid": 59987,
    "index": 26
  },
  {
    "name": "Load extend/application.js",
    "start": 1617890422132,
    "end": 1617890422178,
    "duration": 46,
    "pid": 59987,
    "index": 27
  },
  {
    "name": "Require(23) node_modules/egg-session/app/extend/application.js",
    "start": 1617890422132,
    "end": 1617890422132,
    "duration": 0,
    "pid": 59987,
    "index": 28
  },
  {
    "name": "Require(24) node_modules/egg-security/app/extend/application.js",
    "start": 1617890422132,
    "end": 1617890422133,
    "duration": 1,
    "pid": 59987,
    "index": 29
  },
  {
    "name": "Require(25) node_modules/egg-jsonp/app/extend/application.js",
    "start": 1617890422133,
    "end": 1617890422134,
    "duration": 1,
    "pid": 59987,
    "index": 30
  },
  {
    "name": "Require(26) node_modules/egg-logrotator/app/extend/application.js",
    "start": 1617890422134,
    "end": 1617890422135,
    "duration": 1,
    "pid": 59987,
    "index": 31
  },
  {
    "name": "Require(27) node_modules/egg-view/app/extend/application.js",
    "start": 1617890422135,
    "end": 1617890422135,
    "duration": 0,
    "pid": 59987,
    "index": 32
  },
  {
    "name": "Require(28) node_modules/egg-jwt/app/extend/application.js",
    "start": 1617890422136,
    "end": 1617890422166,
    "duration": 30,
    "pid": 59987,
    "index": 33
  },
  {
    "name": "Require(29) app/extend/application.js",
    "start": 1617890422167,
    "end": 1617890422177,
    "duration": 10,
    "pid": 59987,
    "index": 34
  },
  {
    "name": "Load extend/request.js",
    "start": 1617890422179,
    "end": 1617890422182,
    "duration": 3,
    "pid": 59987,
    "index": 35
  },
  {
    "name": "Require(30) node_modules/egg/app/extend/request.js",
    "start": 1617890422180,
    "end": 1617890422180,
    "duration": 0,
    "pid": 59987,
    "index": 36
  },
  {
    "name": "Require(31) app/extend/request.js",
    "start": 1617890422180,
    "end": 1617890422181,
    "duration": 1,
    "pid": 59987,
    "index": 37
  },
  {
    "name": "Load extend/response.js",
    "start": 1617890422182,
    "end": 1617890422187,
    "duration": 5,
    "pid": 59987,
    "index": 38
  },
  {
    "name": "Require(32) node_modules/egg/app/extend/response.js",
    "start": 1617890422185,
    "end": 1617890422186,
    "duration": 1,
    "pid": 59987,
    "index": 39
  },
  {
    "name": "Require(33) app/extend/response.js",
    "start": 1617890422186,
    "end": 1617890422186,
    "duration": 0,
    "pid": 59987,
    "index": 40
  },
  {
    "name": "Load extend/context.js",
    "start": 1617890422192,
    "end": 1617890422246,
    "duration": 54,
    "pid": 59987,
    "index": 41
  },
  {
    "name": "Require(34) node_modules/egg-security/app/extend/context.js",
    "start": 1617890422193,
    "end": 1617890422196,
    "duration": 3,
    "pid": 59987,
    "index": 42
  },
  {
    "name": "Require(35) node_modules/egg-jsonp/app/extend/context.js",
    "start": 1617890422196,
    "end": 1617890422197,
    "duration": 1,
    "pid": 59987,
    "index": 43
  },
  {
    "name": "Require(36) node_modules/egg-i18n/app/extend/context.js",
    "start": 1617890422197,
    "end": 1617890422197,
    "duration": 0,
    "pid": 59987,
    "index": 44
  },
  {
    "name": "Require(37) node_modules/egg-multipart/app/extend/context.js",
    "start": 1617890422197,
    "end": 1617890422235,
    "duration": 38,
    "pid": 59987,
    "index": 45
  },
  {
    "name": "Require(38) node_modules/egg-view/app/extend/context.js",
    "start": 1617890422235,
    "end": 1617890422242,
    "duration": 7,
    "pid": 59987,
    "index": 46
  },
  {
    "name": "Require(39) node_modules/egg-validate/app/extend/context.js",
    "start": 1617890422242,
    "end": 1617890422242,
    "duration": 0,
    "pid": 59987,
    "index": 47
  },
  {
    "name": "Require(40) lib/plugin/egg-info/app/extend/context.js",
    "start": 1617890422242,
    "end": 1617890422243,
    "duration": 1,
    "pid": 59987,
    "index": 48
  },
  {
    "name": "Require(41) node_modules/egg/app/extend/context.js",
    "start": 1617890422244,
    "end": 1617890422244,
    "duration": 0,
    "pid": 59987,
    "index": 49
  },
  {
    "name": "Require(42) app/extend/context.js",
    "start": 1617890422244,
    "end": 1617890422244,
    "duration": 0,
    "pid": 59987,
    "index": 50
  },
  {
    "name": "Load extend/helper.js",
    "start": 1617890422246,
    "end": 1617890422279,
    "duration": 33,
    "pid": 59987,
    "index": 51
  },
  {
    "name": "Require(43) node_modules/egg-security/app/extend/helper.js",
    "start": 1617890422246,
    "end": 1617890422275,
    "duration": 29,
    "pid": 59987,
    "index": 52
  },
  {
    "name": "Require(44) node_modules/egg/app/extend/helper.js",
    "start": 1617890422276,
    "end": 1617890422276,
    "duration": 0,
    "pid": 59987,
    "index": 53
  },
  {
    "name": "Require(45) app/extend/helper.js",
    "start": 1617890422276,
    "end": 1617890422277,
    "duration": 1,
    "pid": 59987,
    "index": 54
  },
  {
    "name": "Load app.js",
    "start": 1617890422279,
    "end": 1617890422345,
    "duration": 66,
    "pid": 59987,
    "index": 55
  },
  {
    "name": "Require(46) node_modules/egg-session/app.js",
    "start": 1617890422280,
    "end": 1617890422280,
    "duration": 0,
    "pid": 59987,
    "index": 56
  },
  {
    "name": "Require(47) node_modules/egg-security/app.js",
    "start": 1617890422280,
    "end": 1617890422280,
    "duration": 0,
    "pid": 59987,
    "index": 57
  },
  {
    "name": "Require(48) node_modules/egg-onerror/app.js",
    "start": 1617890422281,
    "end": 1617890422284,
    "duration": 3,
    "pid": 59987,
    "index": 58
  },
  {
    "name": "Require(49) node_modules/egg-i18n/app.js",
    "start": 1617890422284,
    "end": 1617890422303,
    "duration": 19,
    "pid": 59987,
    "index": 59
  },
  {
    "name": "Require(50) node_modules/egg-watcher/app.js",
    "start": 1617890422303,
    "end": 1617890422304,
    "duration": 1,
    "pid": 59987,
    "index": 60
  },
  {
    "name": "Require(51) node_modules/egg-schedule/app.js",
    "start": 1617890422304,
    "end": 1617890422305,
    "duration": 1,
    "pid": 59987,
    "index": 61
  },
  {
    "name": "Require(52) node_modules/egg-multipart/app.js",
    "start": 1617890422305,
    "end": 1617890422305,
    "duration": 0,
    "pid": 59987,
    "index": 62
  },
  {
    "name": "Require(53) node_modules/egg-logrotator/app.js",
    "start": 1617890422305,
    "end": 1617890422305,
    "duration": 0,
    "pid": 59987,
    "index": 63
  },
  {
    "name": "Require(54) node_modules/egg-static/app.js",
    "start": 1617890422306,
    "end": 1617890422306,
    "duration": 0,
    "pid": 59987,
    "index": 64
  },
  {
    "name": "Require(55) node_modules/egg-validate/app.js",
    "start": 1617890422306,
    "end": 1617890422308,
    "duration": 2,
    "pid": 59987,
    "index": 65
  },
  {
    "name": "Require(56) node_modules/egg-view-ejs/app.js",
    "start": 1617890422309,
    "end": 1617890422309,
    "duration": 0,
    "pid": 59987,
    "index": 66
  },
  {
    "name": "Require(57) node_modules/egg-mysql/app.js",
    "start": 1617890422309,
    "end": 1617890422343,
    "duration": 34,
    "pid": 59987,
    "index": 67
  },
  {
    "name": "Require(58) node_modules/egg-sequelize/app.js",
    "start": 1617890422343,
    "end": 1617890422343,
    "duration": 0,
    "pid": 59987,
    "index": 68
  },
  {
    "name": "Require(59) node_modules/egg-jwt/app.js",
    "start": 1617890422344,
    "end": 1617890422344,
    "duration": 0,
    "pid": 59987,
    "index": 69
  },
  {
    "name": "Require(60) node_modules/egg-redis/app.js",
    "start": 1617890422344,
    "end": 1617890422344,
    "duration": 0,
    "pid": 59987,
    "index": 70
  },
  {
    "name": "Require(61) app.js",
    "start": 1617890422345,
    "end": 1617890422345,
    "duration": 0,
    "pid": 59987,
    "index": 71
  },
  {
    "name": "Before Start in node_modules/egg-watcher/lib/init.js:15:14",
    "start": 1617890422359,
    "end": 1617890423473,
    "duration": 1114,
    "pid": 59987,
    "index": 72
  },
  {
    "name": "Before Start in node_modules/egg-mysql/lib/mysql.js:20:7",
    "start": 1617890422492,
    "end": 1617890423500,
    "duration": 1008,
    "pid": 59987,
    "index": 73
  },
  {
    "name": "Load \"Symbol(model)\" to Application",
    "start": 1617890423000,
    "end": 1617890423035,
    "duration": 35,
    "pid": 59987,
    "index": 74
  },
  {
    "name": "Before Start in node_modules/egg-sequelize/lib/loader.js:39:7",
    "start": 1617890423054,
    "end": 1617890423568,
    "duration": 514,
    "pid": 59987,
    "index": 75
  },
  {
    "name": "Before Start in node_modules/egg-redis/lib/redis.js:53:7",
    "start": 1617890423142,
    "end": 1617890423475,
    "duration": 333,
    "pid": 59987,
    "index": 76
  },
  {
    "name": "Load Service",
    "start": 1617890423142,
    "end": 1617890423149,
    "duration": 7,
    "pid": 59987,
    "index": 77
  },
  {
    "name": "Load \"service\" to Context",
    "start": 1617890423142,
    "end": 1617890423149,
    "duration": 7,
    "pid": 59987,
    "index": 78
  },
  {
    "name": "Load Middleware",
    "start": 1617890423149,
    "end": 1617890423348,
    "duration": 199,
    "pid": 59987,
    "index": 79
  },
  {
    "name": "Load \"middlewares\" to Application",
    "start": 1617890423149,
    "end": 1617890423323,
    "duration": 174,
    "pid": 59987,
    "index": 80
  },
  {
    "name": "Load Controller",
    "start": 1617890423348,
    "end": 1617890423352,
    "duration": 4,
    "pid": 59987,
    "index": 81
  },
  {
    "name": "Load \"controller\" to Application",
    "start": 1617890423348,
    "end": 1617890423352,
    "duration": 4,
    "pid": 59987,
    "index": 82
  },
  {
    "name": "Load Router",
    "start": 1617890423352,
    "end": 1617890423355,
    "duration": 3,
    "pid": 59987,
    "index": 83
  },
  {
    "name": "Require(62) app/router.js",
    "start": 1617890423353,
    "end": 1617890423353,
    "duration": 0,
    "pid": 59987,
    "index": 84
  },
  {
    "name": "Before Start in node_modules/egg-core/lib/egg.js:303:10",
    "start": 1617890423353,
    "end": 1617890423455,
    "duration": 102,
    "pid": 59987,
    "index": 85
  }
]