[
  {
    "name": "Process Start",
    "start": 1617890563286,
    "end": 1617890564054,
    "duration": 768,
    "pid": 60219,
    "index": 0
  },
  {
    "name": "Application Start",
    "start": 1617890564054,
    "end": 1617890565531,
    "duration": 1477,
    "pid": 60219,
    "index": 1
  },
  {
    "name": "Load Plugin",
    "start": 1617890564057,
    "end": 1617890564083,
    "duration": 26,
    "pid": 60219,
    "index": 2
  },
  {
    "name": "Load Config",
    "start": 1617890564083,
    "end": 1617890564114,
    "duration": 31,
    "pid": 60219,
    "index": 3
  },
  {
    "name": "Require(0) config/config.default.js",
    "start": 1617890564083,
    "end": 1617890564083,
    "duration": 0,
    "pid": 60219,
    "index": 4
  },
  {
    "name": "Require(1) config/config.prod.js",
    "start": 1617890564084,
    "end": 1617890564085,
    "duration": 1,
    "pid": 60219,
    "index": 5
  },
  {
    "name": "Require(2) node_modules/egg-session/config/config.default.js",
    "start": 1617890564085,
    "end": 1617890564085,
    "duration": 0,
    "pid": 60219,
    "index": 6
  },
  {
    "name": "Require(3) node_modules/egg-security/config/config.default.js",
    "start": 1617890564085,
    "end": 1617890564086,
    "duration": 1,
    "pid": 60219,
    "index": 7
  },
  {
    "name": "Require(4) node_modules/egg-jsonp/config/config.default.js",
    "start": 1617890564086,
    "end": 1617890564087,
    "duration": 1,
    "pid": 60219,
    "index": 8
  },
  {
    "name": "Require(5) node_modules/egg-onerror/config/config.default.js",
    "start": 1617890564087,
    "end": 1617890564087,
    "duration": 0,
    "pid": 60219,
    "index": 9
  },
  {
    "name": "Require(6) node_modules/egg-i18n/config/config.default.js",
    "start": 1617890564087,
    "end": 1617890564087,
    "duration": 0,
    "pid": 60219,
    "index": 10
  },
  {
    "name": "Require(7) node_modules/egg-watcher/config/config.default.js",
    "start": 1617890564088,
    "end": 1617890564088,
    "duration": 0,
    "pid": 60219,
    "index": 11
  },
  {
    "name": "Require(8) node_modules/egg-schedule/config/config.default.js",
    "start": 1617890564088,
    "end": 1617890564088,
    "duration": 0,
    "pid": 60219,
    "index": 12
  },
  {
    "name": "Require(9) node_modules/egg-multipart/config/config.default.js",
    "start": 1617890564089,
    "end": 1617890564089,
    "duration": 0,
    "pid": 60219,
    "index": 13
  },
  {
    "name": "Require(10) node_modules/egg-logrotator/config/config.default.js",
    "start": 1617890564089,
    "end": 1617890564089,
    "duration": 0,
    "pid": 60219,
    "index": 14
  },
  {
    "name": "Require(11) node_modules/egg-static/config/config.default.js",
    "start": 1617890564090,
    "end": 1617890564090,
    "duration": 0,
    "pid": 60219,
    "index": 15
  },
  {
    "name": "Require(12) node_modules/egg-view/config/config.default.js",
    "start": 1617890564090,
    "end": 1617890564090,
    "duration": 0,
    "pid": 60219,
    "index": 16
  },
  {
    "name": "Require(13) node_modules/egg-validate/config/config.default.js",
    "start": 1617890564091,
    "end": 1617890564091,
    "duration": 0,
    "pid": 60219,
    "index": 17
  },
  {
    "name": "Require(14) node_modules/egg-view-ejs/config/config.default.js",
    "start": 1617890564091,
    "end": 1617890564091,
    "duration": 0,
    "pid": 60219,
    "index": 18
  },
  {
    "name": "Require(15) node_modules/egg-mysql/config/config.default.js",
    "start": 1617890564092,
    "end": 1617890564092,
    "duration": 0,
    "pid": 60219,
    "index": 19
  },
  {
    "name": "Require(16) node_modules/egg-sequelize/config/config.default.js",
    "start": 1617890564092,
    "end": 1617890564092,
    "duration": 0,
    "pid": 60219,
    "index": 20
  },
  {
    "name": "Require(17) node_modules/egg-jwt/config/config.default.js",
    "start": 1617890564093,
    "end": 1617890564093,
    "duration": 0,
    "pid": 60219,
    "index": 21
  },
  {
    "name": "Require(18) node_modules/egg-redis/config/config.default.js",
    "start": 1617890564093,
    "end": 1617890564093,
    "duration": 0,
    "pid": 60219,
    "index": 22
  },
  {
    "name": "Require(19) node_modules/egg/config/config.default.js",
    "start": 1617890564094,
    "end": 1617890564094,
    "duration": 0,
    "pid": 60219,
    "index": 23
  },
  {
    "name": "Require(20) config/config.default.js",
    "start": 1617890564095,
    "end": 1617890564095,
    "duration": 0,
    "pid": 60219,
    "index": 24
  },
  {
    "name": "Require(21) node_modules/egg-static/config/config.prod.js",
    "start": 1617890564096,
    "end": 1617890564096,
    "duration": 0,
    "pid": 60219,
    "index": 25
  },
  {
    "name": "Require(22) config/config.prod.js",
    "start": 1617890564097,
    "end": 1617890564097,
    "duration": 0,
    "pid": 60219,
    "index": 26
  },
  {
    "name": "Load extend/application.js",
    "start": 1617890564148,
    "end": 1617890564193,
    "duration": 45,
    "pid": 60219,
    "index": 27
  },
  {
    "name": "Require(23) node_modules/egg-session/app/extend/application.js",
    "start": 1617890564148,
    "end": 1617890564148,
    "duration": 0,
    "pid": 60219,
    "index": 28
  },
  {
    "name": "Require(24) node_modules/egg-security/app/extend/application.js",
    "start": 1617890564149,
    "end": 1617890564149,
    "duration": 0,
    "pid": 60219,
    "index": 29
  },
  {
    "name": "Require(25) node_modules/egg-jsonp/app/extend/application.js",
    "start": 1617890564149,
    "end": 1617890564151,
    "duration": 2,
    "pid": 60219,
    "index": 30
  },
  {
    "name": "Require(26) node_modules/egg-logrotator/app/extend/application.js",
    "start": 1617890564152,
    "end": 1617890564153,
    "duration": 1,
    "pid": 60219,
    "index": 31
  },
  {
    "name": "Require(27) node_modules/egg-view/app/extend/application.js",
    "start": 1617890564153,
    "end": 1617890564155,
    "duration": 2,
    "pid": 60219,
    "index": 32
  },
  {
    "name": "Require(28) node_modules/egg-jwt/app/extend/application.js",
    "start": 1617890564156,
    "end": 1617890564190,
    "duration": 34,
    "pid": 60219,
    "index": 33
  },
  {
    "name": "Require(29) app/extend/application.js",
    "start": 1617890564191,
    "end": 1617890564192,
    "duration": 1,
    "pid": 60219,
    "index": 34
  },
  {
    "name": "Load extend/request.js",
    "start": 1617890564193,
    "end": 1617890564197,
    "duration": 4,
    "pid": 60219,
    "index": 35
  },
  {
    "name": "Require(30) node_modules/egg/app/extend/request.js",
    "start": 1617890564195,
    "end": 1617890564195,
    "duration": 0,
    "pid": 60219,
    "index": 36
  },
  {
    "name": "Require(31) app/extend/request.js",
    "start": 1617890564195,
    "end": 1617890564195,
    "duration": 0,
    "pid": 60219,
    "index": 37
  },
  {
    "name": "Load extend/response.js",
    "start": 1617890564197,
    "end": 1617890564209,
    "duration": 12,
    "pid": 60219,
    "index": 38
  },
  {
    "name": "Require(32) node_modules/egg/app/extend/response.js",
    "start": 1617890564204,
    "end": 1617890564207,
    "duration": 3,
    "pid": 60219,
    "index": 39
  },
  {
    "name": "Require(33) app/extend/response.js",
    "start": 1617890564207,
    "end": 1617890564207,
    "duration": 0,
    "pid": 60219,
    "index": 40
  },
  {
    "name": "Load extend/context.js",
    "start": 1617890564209,
    "end": 1617890564242,
    "duration": 33,
    "pid": 60219,
    "index": 41
  },
  {
    "name": "Require(34) node_modules/egg-security/app/extend/context.js",
    "start": 1617890564209,
    "end": 1617890564212,
    "duration": 3,
    "pid": 60219,
    "index": 42
  },
  {
    "name": "Require(35) node_modules/egg-jsonp/app/extend/context.js",
    "start": 1617890564212,
    "end": 1617890564213,
    "duration": 1,
    "pid": 60219,
    "index": 43
  },
  {
    "name": "Require(36) node_modules/egg-i18n/app/extend/context.js",
    "start": 1617890564213,
    "end": 1617890564214,
    "duration": 1,
    "pid": 60219,
    "index": 44
  },
  {
    "name": "Require(37) node_modules/egg-multipart/app/extend/context.js",
    "start": 1617890564214,
    "end": 1617890564237,
    "duration": 23,
    "pid": 60219,
    "index": 45
  },
  {
    "name": "Require(38) node_modules/egg-view/app/extend/context.js",
    "start": 1617890564238,
    "end": 1617890564238,
    "duration": 0,
    "pid": 60219,
    "index": 46
  },
  {
    "name": "Require(39) node_modules/egg-validate/app/extend/context.js",
    "start": 1617890564238,
    "end": 1617890564238,
    "duration": 0,
    "pid": 60219,
    "index": 47
  },
  {
    "name": "Require(40) lib/plugin/egg-info/app/extend/context.js",
    "start": 1617890564239,
    "end": 1617890564239,
    "duration": 0,
    "pid": 60219,
    "index": 48
  },
  {
    "name": "Require(41) node_modules/egg/app/extend/context.js",
    "start": 1617890564240,
    "end": 1617890564240,
    "duration": 0,
    "pid": 60219,
    "index": 49
  },
  {
    "name": "Require(42) app/extend/context.js",
    "start": 1617890564240,
    "end": 1617890564240,
    "duration": 0,
    "pid": 60219,
    "index": 50
  },
  {
    "name": "Load extend/helper.js",
    "start": 1617890564242,
    "end": 1617890564260,
    "duration": 18,
    "pid": 60219,
    "index": 51
  },
  {
    "name": "Require(43) node_modules/egg-security/app/extend/helper.js",
    "start": 1617890564242,
    "end": 1617890564254,
    "duration": 12,
    "pid": 60219,
    "index": 52
  },
  {
    "name": "Require(44) node_modules/egg/app/extend/helper.js",
    "start": 1617890564256,
    "end": 1617890564256,
    "duration": 0,
    "pid": 60219,
    "index": 53
  },
  {
    "name": "Require(45) app/extend/helper.js",
    "start": 1617890564256,
    "end": 1617890564258,
    "duration": 2,
    "pid": 60219,
    "index": 54
  },
  {
    "name": "Load app.js",
    "start": 1617890564260,
    "end": 1617890564380,
    "duration": 120,
    "pid": 60219,
    "index": 55
  },
  {
    "name": "Require(46) node_modules/egg-session/app.js",
    "start": 1617890564260,
    "end": 1617890564260,
    "duration": 0,
    "pid": 60219,
    "index": 56
  },
  {
    "name": "Require(47) node_modules/egg-security/app.js",
    "start": 1617890564260,
    "end": 1617890564261,
    "duration": 1,
    "pid": 60219,
    "index": 57
  },
  {
    "name": "Require(48) node_modules/egg-onerror/app.js",
    "start": 1617890564261,
    "end": 1617890564268,
    "duration": 7,
    "pid": 60219,
    "index": 58
  },
  {
    "name": "Require(49) node_modules/egg-i18n/app.js",
    "start": 1617890564269,
    "end": 1617890564280,
    "duration": 11,
    "pid": 60219,
    "index": 59
  },
  {
    "name": "Require(50) node_modules/egg-watcher/app.js",
    "start": 1617890564280,
    "end": 1617890564282,
    "duration": 2,
    "pid": 60219,
    "index": 60
  },
  {
    "name": "Require(51) node_modules/egg-schedule/app.js",
    "start": 1617890564282,
    "end": 1617890564283,
    "duration": 1,
    "pid": 60219,
    "index": 61
  },
  {
    "name": "Require(52) node_modules/egg-multipart/app.js",
    "start": 1617890564283,
    "end": 1617890564284,
    "duration": 1,
    "pid": 60219,
    "index": 62
  },
  {
    "name": "Require(53) node_modules/egg-logrotator/app.js",
    "start": 1617890564284,
    "end": 1617890564285,
    "duration": 1,
    "pid": 60219,
    "index": 63
  },
  {
    "name": "Require(54) node_modules/egg-static/app.js",
    "start": 1617890564285,
    "end": 1617890564285,
    "duration": 0,
    "pid": 60219,
    "index": 64
  },
  {
    "name": "Require(55) node_modules/egg-validate/app.js",
    "start": 1617890564285,
    "end": 1617890564288,
    "duration": 3,
    "pid": 60219,
    "index": 65
  },
  {
    "name": "Require(56) node_modules/egg-view-ejs/app.js",
    "start": 1617890564288,
    "end": 1617890564288,
    "duration": 0,
    "pid": 60219,
    "index": 66
  },
  {
    "name": "Require(57) node_modules/egg-mysql/app.js",
    "start": 1617890564289,
    "end": 1617890564360,
    "duration": 71,
    "pid": 60219,
    "index": 67
  },
  {
    "name": "Require(58) node_modules/egg-sequelize/app.js",
    "start": 1617890564360,
    "end": 1617890564360,
    "duration": 0,
    "pid": 60219,
    "index": 68
  },
  {
    "name": "Require(59) node_modules/egg-jwt/app.js",
    "start": 1617890564361,
    "end": 1617890564361,
    "duration": 0,
    "pid": 60219,
    "index": 69
  },
  {
    "name": "Require(60) node_modules/egg-redis/app.js",
    "start": 1617890564361,
    "end": 1617890564362,
    "duration": 1,
    "pid": 60219,
    "index": 70
  },
  {
    "name": "Require(61) app.js",
    "start": 1617890564379,
    "end": 1617890564380,
    "duration": 1,
    "pid": 60219,
    "index": 71
  },
  {
    "name": "Before Start in node_modules/egg-watcher/lib/init.js:15:14",
    "start": 1617890564388,
    "end": 1617890565417,
    "duration": 1029,
    "pid": 60219,
    "index": 72
  },
  {
    "name": "Before Start in node_modules/egg-mysql/lib/mysql.js:20:7",
    "start": 1617890564560,
    "end": 1617890565440,
    "duration": 880,
    "pid": 60219,
    "index": 73
  },
  {
    "name": "Load \"Symbol(model)\" to Application",
    "start": 1617890564916,
    "end": 1617890564954,
    "duration": 38,
    "pid": 60219,
    "index": 74
  },
  {
    "name": "Before Start in node_modules/egg-sequelize/lib/loader.js:39:7",
    "start": 1617890564957,
    "end": 1617890565531,
    "duration": 574,
    "pid": 60219,
    "index": 75
  },
  {
    "name": "Before Start in node_modules/egg-redis/lib/redis.js:53:7",
    "start": 1617890565051,
    "end": 1617890565416,
    "duration": 365,
    "pid": 60219,
    "index": 76
  },
  {
    "name": "Load Service",
    "start": 1617890565052,
    "end": 1617890565086,
    "duration": 34,
    "pid": 60219,
    "index": 77
  },
  {
    "name": "Load \"service\" to Context",
    "start": 1617890565052,
    "end": 1617890565086,
    "duration": 34,
    "pid": 60219,
    "index": 78
  },
  {
    "name": "Load Middleware",
    "start": 1617890565086,
    "end": 1617890565295,
    "duration": 209,
    "pid": 60219,
    "index": 79
  },
  {
    "name": "Load \"middlewares\" to Application",
    "start": 1617890565086,
    "end": 1617890565269,
    "duration": 183,
    "pid": 60219,
    "index": 80
  },
  {
    "name": "Load Controller",
    "start": 1617890565295,
    "end": 1617890565298,
    "duration": 3,
    "pid": 60219,
    "index": 81
  },
  {
    "name": "Load \"controller\" to Application",
    "start": 1617890565295,
    "end": 1617890565298,
    "duration": 3,
    "pid": 60219,
    "index": 82
  },
  {
    "name": "Load Router",
    "start": 1617890565298,
    "end": 1617890565300,
    "duration": 2,
    "pid": 60219,
    "index": 83
  },
  {
    "name": "Require(62) app/router.js",
    "start": 1617890565298,
    "end": 1617890565298,
    "duration": 0,
    "pid": 60219,
    "index": 84
  },
  {
    "name": "Before Start in node_modules/egg-core/lib/egg.js:303:10",
    "start": 1617890565299,
    "end": 1617890565387,
    "duration": 88,
    "pid": 60219,
    "index": 85
  }
]