[
  {
    "name": "Process Start",
    "start": 1617890421094,
    "end": 1617890421919,
    "duration": 825,
    "pid": 59983,
    "index": 0
  },
  {
    "name": "Application Start",
    "start": 1617890421920,
    "end": 1617890423439,
    "duration": 1519,
    "pid": 59983,
    "index": 1
  },
  {
    "name": "Load Plugin",
    "start": 1617890421923,
    "end": 1617890421941,
    "duration": 18,
    "pid": 59983,
    "index": 2
  },
  {
    "name": "Load Config",
    "start": 1617890421942,
    "end": 1617890421968,
    "duration": 26,
    "pid": 59983,
    "index": 3
  },
  {
    "name": "Require(0) config/config.default.js",
    "start": 1617890421942,
    "end": 1617890421942,
    "duration": 0,
    "pid": 59983,
    "index": 4
  },
  {
    "name": "Require(1) config/config.prod.js",
    "start": 1617890421943,
    "end": 1617890421943,
    "duration": 0,
    "pid": 59983,
    "index": 5
  },
  {
    "name": "Require(2) node_modules/egg-session/config/config.default.js",
    "start": 1617890421944,
    "end": 1617890421944,
    "duration": 0,
    "pid": 59983,
    "index": 6
  },
  {
    "name": "Require(3) node_modules/egg-security/config/config.default.js",
    "start": 1617890421944,
    "end": 1617890421944,
    "duration": 0,
    "pid": 59983,
    "index": 7
  },
  {
    "name": "Require(4) node_modules/egg-jsonp/config/config.default.js",
    "start": 1617890421949,
    "end": 1617890421949,
    "duration": 0,
    "pid": 59983,
    "index": 8
  },
  {
    "name": "Require(5) node_modules/egg-onerror/config/config.default.js",
    "start": 1617890421949,
    "end": 1617890421950,
    "duration": 1,
    "pid": 59983,
    "index": 9
  },
  {
    "name": "Require(6) node_modules/egg-i18n/config/config.default.js",
    "start": 1617890421950,
    "end": 1617890421956,
    "duration": 6,
    "pid": 59983,
    "index": 10
  },
  {
    "name": "Require(7) node_modules/egg-watcher/config/config.default.js",
    "start": 1617890421957,
    "end": 1617890421957,
    "duration": 0,
    "pid": 59983,
    "index": 11
  },
  {
    "name": "Require(8) node_modules/egg-schedule/config/config.default.js",
    "start": 1617890421957,
    "end": 1617890421958,
    "duration": 1,
    "pid": 59983,
    "index": 12
  },
  {
    "name": "Require(9) node_modules/egg-multipart/config/config.default.js",
    "start": 1617890421958,
    "end": 1617890421958,
    "duration": 0,
    "pid": 59983,
    "index": 13
  },
  {
    "name": "Require(10) node_modules/egg-logrotator/config/config.default.js",
    "start": 1617890421959,
    "end": 1617890421959,
    "duration": 0,
    "pid": 59983,
    "index": 14
  },
  {
    "name": "Require(11) node_modules/egg-static/config/config.default.js",
    "start": 1617890421959,
    "end": 1617890421959,
    "duration": 0,
    "pid": 59983,
    "index": 15
  },
  {
    "name": "Require(12) node_modules/egg-view/config/config.default.js",
    "start": 1617890421960,
    "end": 1617890421960,
    "duration": 0,
    "pid": 59983,
    "index": 16
  },
  {
    "name": "Require(13) node_modules/egg-validate/config/config.default.js",
    "start": 1617890421961,
    "end": 1617890421961,
    "duration": 0,
    "pid": 59983,
    "index": 17
  },
  {
    "name": "Require(14) node_modules/egg-view-ejs/config/config.default.js",
    "start": 1617890421961,
    "end": 1617890421962,
    "duration": 1,
    "pid": 59983,
    "index": 18
  },
  {
    "name": "Require(15) node_modules/egg-mysql/config/config.default.js",
    "start": 1617890421962,
    "end": 1617890421963,
    "duration": 1,
    "pid": 59983,
    "index": 19
  },
  {
    "name": "Require(16) node_modules/egg-sequelize/config/config.default.js",
    "start": 1617890421963,
    "end": 1617890421963,
    "duration": 0,
    "pid": 59983,
    "index": 20
  },
  {
    "name": "Require(17) node_modules/egg-jwt/config/config.default.js",
    "start": 1617890421963,
    "end": 1617890421964,
    "duration": 1,
    "pid": 59983,
    "index": 21
  },
  {
    "name": "Require(18) node_modules/egg-redis/config/config.default.js",
    "start": 1617890421964,
    "end": 1617890421964,
    "duration": 0,
    "pid": 59983,
    "index": 22
  },
  {
    "name": "Require(19) node_modules/egg/config/config.default.js",
    "start": 1617890421964,
    "end": 1617890421965,
    "duration": 1,
    "pid": 59983,
    "index": 23
  },
  {
    "name": "Require(20) config/config.default.js",
    "start": 1617890421966,
    "end": 1617890421966,
    "duration": 0,
    "pid": 59983,
    "index": 24
  },
  {
    "name": "Require(21) node_modules/egg-static/config/config.prod.js",
    "start": 1617890421967,
    "end": 1617890421967,
    "duration": 0,
    "pid": 59983,
    "index": 25
  },
  {
    "name": "Require(22) config/config.prod.js",
    "start": 1617890421968,
    "end": 1617890421968,
    "duration": 0,
    "pid": 59983,
    "index": 26
  },
  {
    "name": "Load extend/application.js",
    "start": 1617890421995,
    "end": 1617890422050,
    "duration": 55,
    "pid": 59983,
    "index": 27
  },
  {
    "name": "Require(23) node_modules/egg-session/app/extend/application.js",
    "start": 1617890421995,
    "end": 1617890421996,
    "duration": 1,
    "pid": 59983,
    "index": 28
  },
  {
    "name": "Require(24) node_modules/egg-security/app/extend/application.js",
    "start": 1617890421996,
    "end": 1617890421996,
    "duration": 0,
    "pid": 59983,
    "index": 29
  },
  {
    "name": "Require(25) node_modules/egg-jsonp/app/extend/application.js",
    "start": 1617890421996,
    "end": 1617890421999,
    "duration": 3,
    "pid": 59983,
    "index": 30
  },
  {
    "name": "Require(26) node_modules/egg-logrotator/app/extend/application.js",
    "start": 1617890422000,
    "end": 1617890422001,
    "duration": 1,
    "pid": 59983,
    "index": 31
  },
  {
    "name": "Require(27) node_modules/egg-view/app/extend/application.js",
    "start": 1617890422001,
    "end": 1617890422001,
    "duration": 0,
    "pid": 59983,
    "index": 32
  },
  {
    "name": "Require(28) node_modules/egg-jwt/app/extend/application.js",
    "start": 1617890422002,
    "end": 1617890422048,
    "duration": 46,
    "pid": 59983,
    "index": 33
  },
  {
    "name": "Require(29) app/extend/application.js",
    "start": 1617890422048,
    "end": 1617890422049,
    "duration": 1,
    "pid": 59983,
    "index": 34
  },
  {
    "name": "Load extend/request.js",
    "start": 1617890422050,
    "end": 1617890422055,
    "duration": 5,
    "pid": 59983,
    "index": 35
  },
  {
    "name": "Require(30) node_modules/egg/app/extend/request.js",
    "start": 1617890422052,
    "end": 1617890422052,
    "duration": 0,
    "pid": 59983,
    "index": 36
  },
  {
    "name": "Require(31) app/extend/request.js",
    "start": 1617890422052,
    "end": 1617890422053,
    "duration": 1,
    "pid": 59983,
    "index": 37
  },
  {
    "name": "Load extend/response.js",
    "start": 1617890422055,
    "end": 1617890422074,
    "duration": 19,
    "pid": 59983,
    "index": 38
  },
  {
    "name": "Require(32) node_modules/egg/app/extend/response.js",
    "start": 1617890422071,
    "end": 1617890422072,
    "duration": 1,
    "pid": 59983,
    "index": 39
  },
  {
    "name": "Require(33) app/extend/response.js",
    "start": 1617890422072,
    "end": 1617890422072,
    "duration": 0,
    "pid": 59983,
    "index": 40
  },
  {
    "name": "Load extend/context.js",
    "start": 1617890422074,
    "end": 1617890422153,
    "duration": 79,
    "pid": 59983,
    "index": 41
  },
  {
    "name": "Require(34) node_modules/egg-security/app/extend/context.js",
    "start": 1617890422074,
    "end": 1617890422077,
    "duration": 3,
    "pid": 59983,
    "index": 42
  },
  {
    "name": "Require(35) node_modules/egg-jsonp/app/extend/context.js",
    "start": 1617890422078,
    "end": 1617890422079,
    "duration": 1,
    "pid": 59983,
    "index": 43
  },
  {
    "name": "Require(36) node_modules/egg-i18n/app/extend/context.js",
    "start": 1617890422079,
    "end": 1617890422079,
    "duration": 0,
    "pid": 59983,
    "index": 44
  },
  {
    "name": "Require(37) node_modules/egg-multipart/app/extend/context.js",
    "start": 1617890422080,
    "end": 1617890422149,
    "duration": 69,
    "pid": 59983,
    "index": 45
  },
  {
    "name": "Require(38) node_modules/egg-view/app/extend/context.js",
    "start": 1617890422149,
    "end": 1617890422150,
    "duration": 1,
    "pid": 59983,
    "index": 46
  },
  {
    "name": "Require(39) node_modules/egg-validate/app/extend/context.js",
    "start": 1617890422150,
    "end": 1617890422150,
    "duration": 0,
    "pid": 59983,
    "index": 47
  },
  {
    "name": "Require(40) lib/plugin/egg-info/app/extend/context.js",
    "start": 1617890422150,
    "end": 1617890422151,
    "duration": 1,
    "pid": 59983,
    "index": 48
  },
  {
    "name": "Require(41) node_modules/egg/app/extend/context.js",
    "start": 1617890422151,
    "end": 1617890422152,
    "duration": 1,
    "pid": 59983,
    "index": 49
  },
  {
    "name": "Require(42) app/extend/context.js",
    "start": 1617890422152,
    "end": 1617890422152,
    "duration": 0,
    "pid": 59983,
    "index": 50
  },
  {
    "name": "Load extend/helper.js",
    "start": 1617890422153,
    "end": 1617890422198,
    "duration": 45,
    "pid": 59983,
    "index": 51
  },
  {
    "name": "Require(43) node_modules/egg-security/app/extend/helper.js",
    "start": 1617890422154,
    "end": 1617890422173,
    "duration": 19,
    "pid": 59983,
    "index": 52
  },
  {
    "name": "Require(44) node_modules/egg/app/extend/helper.js",
    "start": 1617890422174,
    "end": 1617890422174,
    "duration": 0,
    "pid": 59983,
    "index": 53
  },
  {
    "name": "Require(45) app/extend/helper.js",
    "start": 1617890422174,
    "end": 1617890422192,
    "duration": 18,
    "pid": 59983,
    "index": 54
  },
  {
    "name": "Load app.js",
    "start": 1617890422198,
    "end": 1617890422241,
    "duration": 43,
    "pid": 59983,
    "index": 55
  },
  {
    "name": "Require(46) node_modules/egg-session/app.js",
    "start": 1617890422198,
    "end": 1617890422198,
    "duration": 0,
    "pid": 59983,
    "index": 56
  },
  {
    "name": "Require(47) node_modules/egg-security/app.js",
    "start": 1617890422198,
    "end": 1617890422199,
    "duration": 1,
    "pid": 59983,
    "index": 57
  },
  {
    "name": "Require(48) node_modules/egg-onerror/app.js",
    "start": 1617890422199,
    "end": 1617890422203,
    "duration": 4,
    "pid": 59983,
    "index": 58
  },
  {
    "name": "Require(49) node_modules/egg-i18n/app.js",
    "start": 1617890422203,
    "end": 1617890422215,
    "duration": 12,
    "pid": 59983,
    "index": 59
  },
  {
    "name": "Require(50) node_modules/egg-watcher/app.js",
    "start": 1617890422216,
    "end": 1617890422217,
    "duration": 1,
    "pid": 59983,
    "index": 60
  },
  {
    "name": "Require(51) node_modules/egg-schedule/app.js",
    "start": 1617890422217,
    "end": 1617890422218,
    "duration": 1,
    "pid": 59983,
    "index": 61
  },
  {
    "name": "Require(52) node_modules/egg-multipart/app.js",
    "start": 1617890422218,
    "end": 1617890422218,
    "duration": 0,
    "pid": 59983,
    "index": 62
  },
  {
    "name": "Require(53) node_modules/egg-logrotator/app.js",
    "start": 1617890422218,
    "end": 1617890422220,
    "duration": 2,
    "pid": 59983,
    "index": 63
  },
  {
    "name": "Require(54) node_modules/egg-static/app.js",
    "start": 1617890422220,
    "end": 1617890422220,
    "duration": 0,
    "pid": 59983,
    "index": 64
  },
  {
    "name": "Require(55) node_modules/egg-validate/app.js",
    "start": 1617890422221,
    "end": 1617890422221,
    "duration": 0,
    "pid": 59983,
    "index": 65
  },
  {
    "name": "Require(56) node_modules/egg-view-ejs/app.js",
    "start": 1617890422221,
    "end": 1617890422222,
    "duration": 1,
    "pid": 59983,
    "index": 66
  },
  {
    "name": "Require(57) node_modules/egg-mysql/app.js",
    "start": 1617890422222,
    "end": 1617890422239,
    "duration": 17,
    "pid": 59983,
    "index": 67
  },
  {
    "name": "Require(58) node_modules/egg-sequelize/app.js",
    "start": 1617890422239,
    "end": 1617890422239,
    "duration": 0,
    "pid": 59983,
    "index": 68
  },
  {
    "name": "Require(59) node_modules/egg-jwt/app.js",
    "start": 1617890422239,
    "end": 1617890422240,
    "duration": 1,
    "pid": 59983,
    "index": 69
  },
  {
    "name": "Require(60) node_modules/egg-redis/app.js",
    "start": 1617890422240,
    "end": 1617890422240,
    "duration": 0,
    "pid": 59983,
    "index": 70
  },
  {
    "name": "Require(61) app.js",
    "start": 1617890422241,
    "end": 1617890422241,
    "duration": 0,
    "pid": 59983,
    "index": 71
  },
  {
    "name": "Before Start in node_modules/egg-watcher/lib/init.js:15:14",
    "start": 1617890422259,
    "end": 1617890423333,
    "duration": 1074,
    "pid": 59983,
    "index": 72
  },
  {
    "name": "Before Start in node_modules/egg-mysql/lib/mysql.js:20:7",
    "start": 1617890422390,
    "end": 1617890423344,
    "duration": 954,
    "pid": 59983,
    "index": 73
  },
  {
    "name": "Load \"Symbol(model)\" to Application",
    "start": 1617890422799,
    "end": 1617890422849,
    "duration": 50,
    "pid": 59983,
    "index": 74
  },
  {
    "name": "Before Start in node_modules/egg-sequelize/lib/loader.js:39:7",
    "start": 1617890422867,
    "end": 1617890423439,
    "duration": 572,
    "pid": 59983,
    "index": 75
  },
  {
    "name": "Before Start in node_modules/egg-redis/lib/redis.js:53:7",
    "start": 1617890423009,
    "end": 1617890423332,
    "duration": 323,
    "pid": 59983,
    "index": 76
  },
  {
    "name": "Load Service",
    "start": 1617890423009,
    "end": 1617890423016,
    "duration": 7,
    "pid": 59983,
    "index": 77
  },
  {
    "name": "Load \"service\" to Context",
    "start": 1617890423009,
    "end": 1617890423016,
    "duration": 7,
    "pid": 59983,
    "index": 78
  },
  {
    "name": "Load Middleware",
    "start": 1617890423016,
    "end": 1617890423122,
    "duration": 106,
    "pid": 59983,
    "index": 79
  },
  {
    "name": "Load \"middlewares\" to Application",
    "start": 1617890423017,
    "end": 1617890423109,
    "duration": 92,
    "pid": 59983,
    "index": 80
  },
  {
    "name": "Load Controller",
    "start": 1617890423123,
    "end": 1617890423252,
    "duration": 129,
    "pid": 59983,
    "index": 81
  },
  {
    "name": "Load \"controller\" to Application",
    "start": 1617890423123,
    "end": 1617890423252,
    "duration": 129,
    "pid": 59983,
    "index": 82
  },
  {
    "name": "Load Router",
    "start": 1617890423252,
    "end": 1617890423254,
    "duration": 2,
    "pid": 59983,
    "index": 83
  },
  {
    "name": "Require(62) app/router.js",
    "start": 1617890423252,
    "end": 1617890423253,
    "duration": 1,
    "pid": 59983,
    "index": 84
  },
  {
    "name": "Before Start in node_modules/egg-core/lib/egg.js:303:10",
    "start": 1617890423253,
    "end": 1617890423290,
    "duration": 37,
    "pid": 59983,
    "index": 85
  }
]