[
  {
    "name": "Process Start",
    "start": 1617890370206,
    "end": 1617890370995,
    "duration": 789,
    "pid": 59916,
    "index": 0
  },
  {
    "name": "Application Start",
    "start": 1617890370995,
    "end": 1617890371815,
    "duration": 820,
    "pid": 59916,
    "index": 1
  },
  {
    "name": "Load Plugin",
    "start": 1617890370998,
    "end": 1617890371012,
    "duration": 14,
    "pid": 59916,
    "index": 2
  },
  {
    "name": "Load Config",
    "start": 1617890371013,
    "end": 1617890371038,
    "duration": 25,
    "pid": 59916,
    "index": 3
  },
  {
    "name": "Require(0) config/config.default.js",
    "start": 1617890371013,
    "end": 1617890371014,
    "duration": 1,
    "pid": 59916,
    "index": 4
  },
  {
    "name": "Require(1) node_modules/egg-session/config/config.default.js",
    "start": 1617890371015,
    "end": 1617890371015,
    "duration": 0,
    "pid": 59916,
    "index": 5
  },
  {
    "name": "Require(2) node_modules/egg-security/config/config.default.js",
    "start": 1617890371016,
    "end": 1617890371016,
    "duration": 0,
    "pid": 59916,
    "index": 6
  },
  {
    "name": "Require(3) node_modules/egg-jsonp/config/config.default.js",
    "start": 1617890371017,
    "end": 1617890371017,
    "duration": 0,
    "pid": 59916,
    "index": 7
  },
  {
    "name": "Require(4) node_modules/egg-onerror/config/config.default.js",
    "start": 1617890371018,
    "end": 1617890371018,
    "duration": 0,
    "pid": 59916,
    "index": 8
  },
  {
    "name": "Require(5) node_modules/egg-i18n/config/config.default.js",
    "start": 1617890371019,
    "end": 1617890371019,
    "duration": 0,
    "pid": 59916,
    "index": 9
  },
  {
    "name": "Require(6) node_modules/egg-watcher/config/config.default.js",
    "start": 1617890371019,
    "end": 1617890371021,
    "duration": 2,
    "pid": 59916,
    "index": 10
  },
  {
    "name": "Require(7) node_modules/egg-schedule/config/config.default.js",
    "start": 1617890371021,
    "end": 1617890371022,
    "duration": 1,
    "pid": 59916,
    "index": 11
  },
  {
    "name": "Require(8) node_modules/egg-multipart/config/config.default.js",
    "start": 1617890371022,
    "end": 1617890371023,
    "duration": 1,
    "pid": 59916,
    "index": 12
  },
  {
    "name": "Require(9) node_modules/egg-development/config/config.default.js",
    "start": 1617890371023,
    "end": 1617890371023,
    "duration": 0,
    "pid": 59916,
    "index": 13
  },
  {
    "name": "Require(10) node_modules/egg-logrotator/config/config.default.js",
    "start": 1617890371024,
    "end": 1617890371024,
    "duration": 0,
    "pid": 59916,
    "index": 14
  },
  {
    "name": "Require(11) node_modules/egg-static/config/config.default.js",
    "start": 1617890371024,
    "end": 1617890371025,
    "duration": 1,
    "pid": 59916,
    "index": 15
  },
  {
    "name": "Require(12) node_modules/egg-view/config/config.default.js",
    "start": 1617890371025,
    "end": 1617890371026,
    "duration": 1,
    "pid": 59916,
    "index": 16
  },
  {
    "name": "Require(13) node_modules/egg-validate/config/config.default.js",
    "start": 1617890371026,
    "end": 1617890371027,
    "duration": 1,
    "pid": 59916,
    "index": 17
  },
  {
    "name": "Require(14) node_modules/egg-view-ejs/config/config.default.js",
    "start": 1617890371027,
    "end": 1617890371028,
    "duration": 1,
    "pid": 59916,
    "index": 18
  },
  {
    "name": "Require(15) node_modules/egg-mysql/config/config.default.js",
    "start": 1617890371029,
    "end": 1617890371029,
    "duration": 0,
    "pid": 59916,
    "index": 19
  },
  {
    "name": "Require(16) node_modules/egg-sequelize/config/config.default.js",
    "start": 1617890371029,
    "end": 1617890371030,
    "duration": 1,
    "pid": 59916,
    "index": 20
  },
  {
    "name": "Require(17) node_modules/egg-jwt/config/config.default.js",
    "start": 1617890371030,
    "end": 1617890371030,
    "duration": 0,
    "pid": 59916,
    "index": 21
  },
  {
    "name": "Require(18) node_modules/egg-redis/config/config.default.js",
    "start": 1617890371031,
    "end": 1617890371031,
    "duration": 0,
    "pid": 59916,
    "index": 22
  },
  {
    "name": "Require(19) node_modules/egg/config/config.default.js",
    "start": 1617890371032,
    "end": 1617890371032,
    "duration": 0,
    "pid": 59916,
    "index": 23
  },
  {
    "name": "Require(20) config/config.default.js",
    "start": 1617890371034,
    "end": 1617890371034,
    "duration": 0,
    "pid": 59916,
    "index": 24
  },
  {
    "name": "Require(21) node_modules/egg-security/config/config.local.js",
    "start": 1617890371034,
    "end": 1617890371034,
    "duration": 0,
    "pid": 59916,
    "index": 25
  },
  {
    "name": "Require(22) node_modules/egg-watcher/config/config.local.js",
    "start": 1617890371035,
    "end": 1617890371035,
    "duration": 0,
    "pid": 59916,
    "index": 26
  },
  {
    "name": "Require(23) node_modules/egg-view/config/config.local.js",
    "start": 1617890371035,
    "end": 1617890371036,
    "duration": 1,
    "pid": 59916,
    "index": 27
  },
  {
    "name": "Require(24) node_modules/egg-view-ejs/config/config.local.js",
    "start": 1617890371036,
    "end": 1617890371037,
    "duration": 1,
    "pid": 59916,
    "index": 28
  },
  {
    "name": "Require(25) node_modules/egg/config/config.local.js",
    "start": 1617890371037,
    "end": 1617890371038,
    "duration": 1,
    "pid": 59916,
    "index": 29
  },
  {
    "name": "Load extend/application.js",
    "start": 1617890371039,
    "end": 1617890371087,
    "duration": 48,
    "pid": 59916,
    "index": 30
  },
  {
    "name": "Require(26) node_modules/egg-session/app/extend/application.js",
    "start": 1617890371039,
    "end": 1617890371040,
    "duration": 1,
    "pid": 59916,
    "index": 31
  },
  {
    "name": "Require(27) node_modules/egg-security/app/extend/application.js",
    "start": 1617890371040,
    "end": 1617890371041,
    "duration": 1,
    "pid": 59916,
    "index": 32
  },
  {
    "name": "Require(28) node_modules/egg-jsonp/app/extend/application.js",
    "start": 1617890371041,
    "end": 1617890371042,
    "duration": 1,
    "pid": 59916,
    "index": 33
  },
  {
    "name": "Require(29) node_modules/egg-logrotator/app/extend/application.js",
    "start": 1617890371043,
    "end": 1617890371044,
    "duration": 1,
    "pid": 59916,
    "index": 34
  },
  {
    "name": "Require(30) node_modules/egg-view/app/extend/application.js",
    "start": 1617890371044,
    "end": 1617890371045,
    "duration": 1,
    "pid": 59916,
    "index": 35
  },
  {
    "name": "Require(31) node_modules/egg-jwt/app/extend/application.js",
    "start": 1617890371045,
    "end": 1617890371083,
    "duration": 38,
    "pid": 59916,
    "index": 36
  },
  {
    "name": "Require(32) app/extend/application.js",
    "start": 1617890371083,
    "end": 1617890371084,
    "duration": 1,
    "pid": 59916,
    "index": 37
  },
  {
    "name": "Load extend/request.js",
    "start": 1617890371087,
    "end": 1617890371092,
    "duration": 5,
    "pid": 59916,
    "index": 38
  },
  {
    "name": "Require(33) node_modules/egg/app/extend/request.js",
    "start": 1617890371089,
    "end": 1617890371090,
    "duration": 1,
    "pid": 59916,
    "index": 39
  },
  {
    "name": "Require(34) app/extend/request.js",
    "start": 1617890371090,
    "end": 1617890371090,
    "duration": 0,
    "pid": 59916,
    "index": 40
  },
  {
    "name": "Load extend/response.js",
    "start": 1617890371092,
    "end": 1617890371097,
    "duration": 5,
    "pid": 59916,
    "index": 41
  },
  {
    "name": "Require(35) node_modules/egg/app/extend/response.js",
    "start": 1617890371093,
    "end": 1617890371095,
    "duration": 2,
    "pid": 59916,
    "index": 42
  },
  {
    "name": "Require(36) app/extend/response.js",
    "start": 1617890371095,
    "end": 1617890371096,
    "duration": 1,
    "pid": 59916,
    "index": 43
  },
  {
    "name": "Load extend/context.js",
    "start": 1617890371097,
    "end": 1617890371149,
    "duration": 52,
    "pid": 59916,
    "index": 44
  },
  {
    "name": "Require(37) node_modules/egg-security/app/extend/context.js",
    "start": 1617890371097,
    "end": 1617890371106,
    "duration": 9,
    "pid": 59916,
    "index": 45
  },
  {
    "name": "Require(38) node_modules/egg-jsonp/app/extend/context.js",
    "start": 1617890371106,
    "end": 1617890371107,
    "duration": 1,
    "pid": 59916,
    "index": 46
  },
  {
    "name": "Require(39) node_modules/egg-i18n/app/extend/context.js",
    "start": 1617890371107,
    "end": 1617890371108,
    "duration": 1,
    "pid": 59916,
    "index": 47
  },
  {
    "name": "Require(40) node_modules/egg-multipart/app/extend/context.js",
    "start": 1617890371108,
    "end": 1617890371142,
    "duration": 34,
    "pid": 59916,
    "index": 48
  },
  {
    "name": "Require(41) node_modules/egg-view/app/extend/context.js",
    "start": 1617890371142,
    "end": 1617890371144,
    "duration": 2,
    "pid": 59916,
    "index": 49
  },
  {
    "name": "Require(42) node_modules/egg-validate/app/extend/context.js",
    "start": 1617890371144,
    "end": 1617890371145,
    "duration": 1,
    "pid": 59916,
    "index": 50
  },
  {
    "name": "Require(43) lib/plugin/egg-info/app/extend/context.js",
    "start": 1617890371145,
    "end": 1617890371146,
    "duration": 1,
    "pid": 59916,
    "index": 51
  },
  {
    "name": "Require(44) node_modules/egg/app/extend/context.js",
    "start": 1617890371147,
    "end": 1617890371148,
    "duration": 1,
    "pid": 59916,
    "index": 52
  },
  {
    "name": "Require(45) app/extend/context.js",
    "start": 1617890371148,
    "end": 1617890371148,
    "duration": 0,
    "pid": 59916,
    "index": 53
  },
  {
    "name": "Load extend/helper.js",
    "start": 1617890371149,
    "end": 1617890371174,
    "duration": 25,
    "pid": 59916,
    "index": 54
  },
  {
    "name": "Require(46) node_modules/egg-security/app/extend/helper.js",
    "start": 1617890371149,
    "end": 1617890371168,
    "duration": 19,
    "pid": 59916,
    "index": 55
  },
  {
    "name": "Require(47) node_modules/egg/app/extend/helper.js",
    "start": 1617890371169,
    "end": 1617890371170,
    "duration": 1,
    "pid": 59916,
    "index": 56
  },
  {
    "name": "Require(48) app/extend/helper.js",
    "start": 1617890371170,
    "end": 1617890371172,
    "duration": 2,
    "pid": 59916,
    "index": 57
  },
  {
    "name": "Load app.js",
    "start": 1617890371174,
    "end": 1617890371225,
    "duration": 51,
    "pid": 59916,
    "index": 58
  },
  {
    "name": "Require(49) node_modules/egg-session/app.js",
    "start": 1617890371174,
    "end": 1617890371174,
    "duration": 0,
    "pid": 59916,
    "index": 59
  },
  {
    "name": "Require(50) node_modules/egg-security/app.js",
    "start": 1617890371174,
    "end": 1617890371175,
    "duration": 1,
    "pid": 59916,
    "index": 60
  },
  {
    "name": "Require(51) node_modules/egg-onerror/app.js",
    "start": 1617890371176,
    "end": 1617890371183,
    "duration": 7,
    "pid": 59916,
    "index": 61
  },
  {
    "name": "Require(52) node_modules/egg-i18n/app.js",
    "start": 1617890371183,
    "end": 1617890371193,
    "duration": 10,
    "pid": 59916,
    "index": 62
  },
  {
    "name": "Require(53) node_modules/egg-watcher/app.js",
    "start": 1617890371194,
    "end": 1617890371196,
    "duration": 2,
    "pid": 59916,
    "index": 63
  },
  {
    "name": "Require(54) node_modules/egg-schedule/app.js",
    "start": 1617890371196,
    "end": 1617890371199,
    "duration": 3,
    "pid": 59916,
    "index": 64
  },
  {
    "name": "Require(55) node_modules/egg-multipart/app.js",
    "start": 1617890371199,
    "end": 1617890371199,
    "duration": 0,
    "pid": 59916,
    "index": 65
  },
  {
    "name": "Require(56) node_modules/egg-development/app.js",
    "start": 1617890371200,
    "end": 1617890371200,
    "duration": 0,
    "pid": 59916,
    "index": 66
  },
  {
    "name": "Require(57) node_modules/egg-logrotator/app.js",
    "start": 1617890371200,
    "end": 1617890371200,
    "duration": 0,
    "pid": 59916,
    "index": 67
  },
  {
    "name": "Require(58) node_modules/egg-static/app.js",
    "start": 1617890371200,
    "end": 1617890371201,
    "duration": 1,
    "pid": 59916,
    "index": 68
  },
  {
    "name": "Require(59) node_modules/egg-validate/app.js",
    "start": 1617890371201,
    "end": 1617890371203,
    "duration": 2,
    "pid": 59916,
    "index": 69
  },
  {
    "name": "Require(60) node_modules/egg-view-ejs/app.js",
    "start": 1617890371203,
    "end": 1617890371203,
    "duration": 0,
    "pid": 59916,
    "index": 70
  },
  {
    "name": "Require(61) node_modules/egg-mysql/app.js",
    "start": 1617890371204,
    "end": 1617890371221,
    "duration": 17,
    "pid": 59916,
    "index": 71
  },
  {
    "name": "Require(62) node_modules/egg-sequelize/app.js",
    "start": 1617890371221,
    "end": 1617890371222,
    "duration": 1,
    "pid": 59916,
    "index": 72
  },
  {
    "name": "Require(63) node_modules/egg-jwt/app.js",
    "start": 1617890371222,
    "end": 1617890371222,
    "duration": 0,
    "pid": 59916,
    "index": 73
  },
  {
    "name": "Require(64) node_modules/egg-redis/app.js",
    "start": 1617890371222,
    "end": 1617890371223,
    "duration": 1,
    "pid": 59916,
    "index": 74
  },
  {
    "name": "Require(65) app.js",
    "start": 1617890371225,
    "end": 1617890371225,
    "duration": 0,
    "pid": 59916,
    "index": 75
  },
  {
    "name": "Before Start in node_modules/egg-watcher/lib/init.js:15:14",
    "start": 1617890371235,
    "end": 1617890371806,
    "duration": 571,
    "pid": 59916,
    "index": 76
  },
  {
    "name": "Before Start in node_modules/egg-mysql/lib/mysql.js:20:7",
    "start": 1617890371331,
    "end": 1617890371807,
    "duration": 476,
    "pid": 59916,
    "index": 77
  },
  {
    "name": "Load \"Symbol(model)\" to Application",
    "start": 1617890371593,
    "end": 1617890371609,
    "duration": 16,
    "pid": 59916,
    "index": 78
  },
  {
    "name": "Before Start in node_modules/egg-sequelize/lib/loader.js:39:7",
    "start": 1617890371613,
    "end": 1617890371814,
    "duration": 201,
    "pid": 59916,
    "index": 79
  },
  {
    "name": "Before Start in node_modules/egg-redis/lib/redis.js:53:7",
    "start": 1617890371656,
    "end": 1617890371790,
    "duration": 134,
    "pid": 59916,
    "index": 80
  },
  {
    "name": "Load Service",
    "start": 1617890371656,
    "end": 1617890371666,
    "duration": 10,
    "pid": 59916,
    "index": 81
  },
  {
    "name": "Load \"service\" to Context",
    "start": 1617890371656,
    "end": 1617890371666,
    "duration": 10,
    "pid": 59916,
    "index": 82
  },
  {
    "name": "Load Middleware",
    "start": 1617890371666,
    "end": 1617890371749,
    "duration": 83,
    "pid": 59916,
    "index": 83
  },
  {
    "name": "Load \"middlewares\" to Application",
    "start": 1617890371666,
    "end": 1617890371740,
    "duration": 74,
    "pid": 59916,
    "index": 84
  },
  {
    "name": "Load Controller",
    "start": 1617890371749,
    "end": 1617890371755,
    "duration": 6,
    "pid": 59916,
    "index": 85
  },
  {
    "name": "Load \"controller\" to Application",
    "start": 1617890371749,
    "end": 1617890371755,
    "duration": 6,
    "pid": 59916,
    "index": 86
  },
  {
    "name": "Load Router",
    "start": 1617890371756,
    "end": 1617890371758,
    "duration": 2,
    "pid": 59916,
    "index": 87
  },
  {
    "name": "Require(66) app/router.js",
    "start": 1617890371756,
    "end": 1617890371756,
    "duration": 0,
    "pid": 59916,
    "index": 88
  },
  {
    "name": "Before Start in node_modules/egg-core/lib/egg.js:303:10",
    "start": 1617890371756,
    "end": 1617890371782,
    "duration": 26,
    "pid": 59916,
    "index": 89
  }
]