[
  {
    "name": "Process Start",
    "start": 1617890563293,
    "end": 1617890564020,
    "duration": 727,
    "pid": 60220,
    "index": 0
  },
  {
    "name": "Application Start",
    "start": 1617890564021,
    "end": 1617890565436,
    "duration": 1415,
    "pid": 60220,
    "index": 1
  },
  {
    "name": "Load Plugin",
    "start": 1617890564053,
    "end": 1617890564065,
    "duration": 12,
    "pid": 60220,
    "index": 2
  },
  {
    "name": "Load Config",
    "start": 1617890564065,
    "end": 1617890564108,
    "duration": 43,
    "pid": 60220,
    "index": 3
  },
  {
    "name": "Require(0) config/config.default.js",
    "start": 1617890564065,
    "end": 1617890564066,
    "duration": 1,
    "pid": 60220,
    "index": 4
  },
  {
    "name": "Require(1) config/config.prod.js",
    "start": 1617890564067,
    "end": 1617890564067,
    "duration": 0,
    "pid": 60220,
    "index": 5
  },
  {
    "name": "Require(2) node_modules/egg-session/config/config.default.js",
    "start": 1617890564068,
    "end": 1617890564068,
    "duration": 0,
    "pid": 60220,
    "index": 6
  },
  {
    "name": "Require(3) node_modules/egg-security/config/config.default.js",
    "start": 1617890564068,
    "end": 1617890564069,
    "duration": 1,
    "pid": 60220,
    "index": 7
  },
  {
    "name": "Require(4) node_modules/egg-jsonp/config/config.default.js",
    "start": 1617890564069,
    "end": 1617890564075,
    "duration": 6,
    "pid": 60220,
    "index": 8
  },
  {
    "name": "Require(5) node_modules/egg-onerror/config/config.default.js",
    "start": 1617890564075,
    "end": 1617890564076,
    "duration": 1,
    "pid": 60220,
    "index": 9
  },
  {
    "name": "Require(6) node_modules/egg-i18n/config/config.default.js",
    "start": 1617890564076,
    "end": 1617890564076,
    "duration": 0,
    "pid": 60220,
    "index": 10
  },
  {
    "name": "Require(7) node_modules/egg-watcher/config/config.default.js",
    "start": 1617890564076,
    "end": 1617890564076,
    "duration": 0,
    "pid": 60220,
    "index": 11
  },
  {
    "name": "Require(8) node_modules/egg-schedule/config/config.default.js",
    "start": 1617890564077,
    "end": 1617890564077,
    "duration": 0,
    "pid": 60220,
    "index": 12
  },
  {
    "name": "Require(9) node_modules/egg-multipart/config/config.default.js",
    "start": 1617890564077,
    "end": 1617890564077,
    "duration": 0,
    "pid": 60220,
    "index": 13
  },
  {
    "name": "Require(10) node_modules/egg-logrotator/config/config.default.js",
    "start": 1617890564078,
    "end": 1617890564078,
    "duration": 0,
    "pid": 60220,
    "index": 14
  },
  {
    "name": "Require(11) node_modules/egg-static/config/config.default.js",
    "start": 1617890564078,
    "end": 1617890564078,
    "duration": 0,
    "pid": 60220,
    "index": 15
  },
  {
    "name": "Require(12) node_modules/egg-view/config/config.default.js",
    "start": 1617890564078,
    "end": 1617890564079,
    "duration": 1,
    "pid": 60220,
    "index": 16
  },
  {
    "name": "Require(13) node_modules/egg-validate/config/config.default.js",
    "start": 1617890564079,
    "end": 1617890564079,
    "duration": 0,
    "pid": 60220,
    "index": 17
  },
  {
    "name": "Require(14) node_modules/egg-view-ejs/config/config.default.js",
    "start": 1617890564079,
    "end": 1617890564079,
    "duration": 0,
    "pid": 60220,
    "index": 18
  },
  {
    "name": "Require(15) node_modules/egg-mysql/config/config.default.js",
    "start": 1617890564080,
    "end": 1617890564080,
    "duration": 0,
    "pid": 60220,
    "index": 19
  },
  {
    "name": "Require(16) node_modules/egg-sequelize/config/config.default.js",
    "start": 1617890564080,
    "end": 1617890564081,
    "duration": 1,
    "pid": 60220,
    "index": 20
  },
  {
    "name": "Require(17) node_modules/egg-jwt/config/config.default.js",
    "start": 1617890564081,
    "end": 1617890564081,
    "duration": 0,
    "pid": 60220,
    "index": 21
  },
  {
    "name": "Require(18) node_modules/egg-redis/config/config.default.js",
    "start": 1617890564081,
    "end": 1617890564081,
    "duration": 0,
    "pid": 60220,
    "index": 22
  },
  {
    "name": "Require(19) node_modules/egg/config/config.default.js",
    "start": 1617890564082,
    "end": 1617890564082,
    "duration": 0,
    "pid": 60220,
    "index": 23
  },
  {
    "name": "Require(20) config/config.default.js",
    "start": 1617890564083,
    "end": 1617890564083,
    "duration": 0,
    "pid": 60220,
    "index": 24
  },
  {
    "name": "Require(21) node_modules/egg-static/config/config.prod.js",
    "start": 1617890564084,
    "end": 1617890564084,
    "duration": 0,
    "pid": 60220,
    "index": 25
  },
  {
    "name": "Require(22) config/config.prod.js",
    "start": 1617890564108,
    "end": 1617890564108,
    "duration": 0,
    "pid": 60220,
    "index": 26
  },
  {
    "name": "Load extend/application.js",
    "start": 1617890564148,
    "end": 1617890564188,
    "duration": 40,
    "pid": 60220,
    "index": 27
  },
  {
    "name": "Require(23) node_modules/egg-session/app/extend/application.js",
    "start": 1617890564148,
    "end": 1617890564148,
    "duration": 0,
    "pid": 60220,
    "index": 28
  },
  {
    "name": "Require(24) node_modules/egg-security/app/extend/application.js",
    "start": 1617890564148,
    "end": 1617890564150,
    "duration": 2,
    "pid": 60220,
    "index": 29
  },
  {
    "name": "Require(25) node_modules/egg-jsonp/app/extend/application.js",
    "start": 1617890564150,
    "end": 1617890564151,
    "duration": 1,
    "pid": 60220,
    "index": 30
  },
  {
    "name": "Require(26) node_modules/egg-logrotator/app/extend/application.js",
    "start": 1617890564151,
    "end": 1617890564152,
    "duration": 1,
    "pid": 60220,
    "index": 31
  },
  {
    "name": "Require(27) node_modules/egg-view/app/extend/application.js",
    "start": 1617890564152,
    "end": 1617890564156,
    "duration": 4,
    "pid": 60220,
    "index": 32
  },
  {
    "name": "Require(28) node_modules/egg-jwt/app/extend/application.js",
    "start": 1617890564157,
    "end": 1617890564186,
    "duration": 29,
    "pid": 60220,
    "index": 33
  },
  {
    "name": "Require(29) app/extend/application.js",
    "start": 1617890564187,
    "end": 1617890564187,
    "duration": 0,
    "pid": 60220,
    "index": 34
  },
  {
    "name": "Load extend/request.js",
    "start": 1617890564188,
    "end": 1617890564193,
    "duration": 5,
    "pid": 60220,
    "index": 35
  },
  {
    "name": "Require(30) node_modules/egg/app/extend/request.js",
    "start": 1617890564190,
    "end": 1617890564191,
    "duration": 1,
    "pid": 60220,
    "index": 36
  },
  {
    "name": "Require(31) app/extend/request.js",
    "start": 1617890564191,
    "end": 1617890564191,
    "duration": 0,
    "pid": 60220,
    "index": 37
  },
  {
    "name": "Load extend/response.js",
    "start": 1617890564193,
    "end": 1617890564199,
    "duration": 6,
    "pid": 60220,
    "index": 38
  },
  {
    "name": "Require(32) node_modules/egg/app/extend/response.js",
    "start": 1617890564195,
    "end": 1617890564197,
    "duration": 2,
    "pid": 60220,
    "index": 39
  },
  {
    "name": "Require(33) app/extend/response.js",
    "start": 1617890564197,
    "end": 1617890564197,
    "duration": 0,
    "pid": 60220,
    "index": 40
  },
  {
    "name": "Load extend/context.js",
    "start": 1617890564199,
    "end": 1617890564288,
    "duration": 89,
    "pid": 60220,
    "index": 41
  },
  {
    "name": "Require(34) node_modules/egg-security/app/extend/context.js",
    "start": 1617890564199,
    "end": 1617890564202,
    "duration": 3,
    "pid": 60220,
    "index": 42
  },
  {
    "name": "Require(35) node_modules/egg-jsonp/app/extend/context.js",
    "start": 1617890564203,
    "end": 1617890564203,
    "duration": 0,
    "pid": 60220,
    "index": 43
  },
  {
    "name": "Require(36) node_modules/egg-i18n/app/extend/context.js",
    "start": 1617890564203,
    "end": 1617890564203,
    "duration": 0,
    "pid": 60220,
    "index": 44
  },
  {
    "name": "Require(37) node_modules/egg-multipart/app/extend/context.js",
    "start": 1617890564204,
    "end": 1617890564278,
    "duration": 74,
    "pid": 60220,
    "index": 45
  },
  {
    "name": "Require(38) node_modules/egg-view/app/extend/context.js",
    "start": 1617890564278,
    "end": 1617890564279,
    "duration": 1,
    "pid": 60220,
    "index": 46
  },
  {
    "name": "Require(39) node_modules/egg-validate/app/extend/context.js",
    "start": 1617890564279,
    "end": 1617890564279,
    "duration": 0,
    "pid": 60220,
    "index": 47
  },
  {
    "name": "Require(40) lib/plugin/egg-info/app/extend/context.js",
    "start": 1617890564283,
    "end": 1617890564283,
    "duration": 0,
    "pid": 60220,
    "index": 48
  },
  {
    "name": "Require(41) node_modules/egg/app/extend/context.js",
    "start": 1617890564283,
    "end": 1617890564284,
    "duration": 1,
    "pid": 60220,
    "index": 49
  },
  {
    "name": "Require(42) app/extend/context.js",
    "start": 1617890564284,
    "end": 1617890564284,
    "duration": 0,
    "pid": 60220,
    "index": 50
  },
  {
    "name": "Load extend/helper.js",
    "start": 1617890564288,
    "end": 1617890564325,
    "duration": 37,
    "pid": 60220,
    "index": 51
  },
  {
    "name": "Require(43) node_modules/egg-security/app/extend/helper.js",
    "start": 1617890564290,
    "end": 1617890564317,
    "duration": 27,
    "pid": 60220,
    "index": 52
  },
  {
    "name": "Require(44) node_modules/egg/app/extend/helper.js",
    "start": 1617890564318,
    "end": 1617890564318,
    "duration": 0,
    "pid": 60220,
    "index": 53
  },
  {
    "name": "Require(45) app/extend/helper.js",
    "start": 1617890564319,
    "end": 1617890564320,
    "duration": 1,
    "pid": 60220,
    "index": 54
  },
  {
    "name": "Load app.js",
    "start": 1617890564325,
    "end": 1617890564376,
    "duration": 51,
    "pid": 60220,
    "index": 55
  },
  {
    "name": "Require(46) node_modules/egg-session/app.js",
    "start": 1617890564325,
    "end": 1617890564325,
    "duration": 0,
    "pid": 60220,
    "index": 56
  },
  {
    "name": "Require(47) node_modules/egg-security/app.js",
    "start": 1617890564326,
    "end": 1617890564326,
    "duration": 0,
    "pid": 60220,
    "index": 57
  },
  {
    "name": "Require(48) node_modules/egg-onerror/app.js",
    "start": 1617890564326,
    "end": 1617890564330,
    "duration": 4,
    "pid": 60220,
    "index": 58
  },
  {
    "name": "Require(49) node_modules/egg-i18n/app.js",
    "start": 1617890564330,
    "end": 1617890564338,
    "duration": 8,
    "pid": 60220,
    "index": 59
  },
  {
    "name": "Require(50) node_modules/egg-watcher/app.js",
    "start": 1617890564339,
    "end": 1617890564341,
    "duration": 2,
    "pid": 60220,
    "index": 60
  },
  {
    "name": "Require(51) node_modules/egg-schedule/app.js",
    "start": 1617890564341,
    "end": 1617890564343,
    "duration": 2,
    "pid": 60220,
    "index": 61
  },
  {
    "name": "Require(52) node_modules/egg-multipart/app.js",
    "start": 1617890564343,
    "end": 1617890564343,
    "duration": 0,
    "pid": 60220,
    "index": 62
  },
  {
    "name": "Require(53) node_modules/egg-logrotator/app.js",
    "start": 1617890564343,
    "end": 1617890564343,
    "duration": 0,
    "pid": 60220,
    "index": 63
  },
  {
    "name": "Require(54) node_modules/egg-static/app.js",
    "start": 1617890564344,
    "end": 1617890564344,
    "duration": 0,
    "pid": 60220,
    "index": 64
  },
  {
    "name": "Require(55) node_modules/egg-validate/app.js",
    "start": 1617890564344,
    "end": 1617890564347,
    "duration": 3,
    "pid": 60220,
    "index": 65
  },
  {
    "name": "Require(56) node_modules/egg-view-ejs/app.js",
    "start": 1617890564347,
    "end": 1617890564348,
    "duration": 1,
    "pid": 60220,
    "index": 66
  },
  {
    "name": "Require(57) node_modules/egg-mysql/app.js",
    "start": 1617890564348,
    "end": 1617890564373,
    "duration": 25,
    "pid": 60220,
    "index": 67
  },
  {
    "name": "Require(58) node_modules/egg-sequelize/app.js",
    "start": 1617890564374,
    "end": 1617890564374,
    "duration": 0,
    "pid": 60220,
    "index": 68
  },
  {
    "name": "Require(59) node_modules/egg-jwt/app.js",
    "start": 1617890564374,
    "end": 1617890564374,
    "duration": 0,
    "pid": 60220,
    "index": 69
  },
  {
    "name": "Require(60) node_modules/egg-redis/app.js",
    "start": 1617890564374,
    "end": 1617890564375,
    "duration": 1,
    "pid": 60220,
    "index": 70
  },
  {
    "name": "Require(61) app.js",
    "start": 1617890564376,
    "end": 1617890564376,
    "duration": 0,
    "pid": 60220,
    "index": 71
  },
  {
    "name": "Before Start in node_modules/egg-watcher/lib/init.js:15:14",
    "start": 1617890564382,
    "end": 1617890565323,
    "duration": 941,
    "pid": 60220,
    "index": 72
  },
  {
    "name": "Before Start in node_modules/egg-mysql/lib/mysql.js:20:7",
    "start": 1617890564502,
    "end": 1617890565349,
    "duration": 847,
    "pid": 60220,
    "index": 73
  },
  {
    "name": "Load \"Symbol(model)\" to Application",
    "start": 1617890564851,
    "end": 1617890564921,
    "duration": 70,
    "pid": 60220,
    "index": 74
  },
  {
    "name": "Before Start in node_modules/egg-sequelize/lib/loader.js:39:7",
    "start": 1617890564929,
    "end": 1617890565436,
    "duration": 507,
    "pid": 60220,
    "index": 75
  },
  {
    "name": "Before Start in node_modules/egg-redis/lib/redis.js:53:7",
    "start": 1617890564970,
    "end": 1617890565334,
    "duration": 364,
    "pid": 60220,
    "index": 76
  },
  {
    "name": "Load Service",
    "start": 1617890564971,
    "end": 1617890564984,
    "duration": 13,
    "pid": 60220,
    "index": 77
  },
  {
    "name": "Load \"service\" to Context",
    "start": 1617890564971,
    "end": 1617890564984,
    "duration": 13,
    "pid": 60220,
    "index": 78
  },
  {
    "name": "Load Middleware",
    "start": 1617890564984,
    "end": 1617890565200,
    "duration": 216,
    "pid": 60220,
    "index": 79
  },
  {
    "name": "Load \"middlewares\" to Application",
    "start": 1617890564984,
    "end": 1617890565189,
    "duration": 205,
    "pid": 60220,
    "index": 80
  },
  {
    "name": "Load Controller",
    "start": 1617890565200,
    "end": 1617890565206,
    "duration": 6,
    "pid": 60220,
    "index": 81
  },
  {
    "name": "Load \"controller\" to Application",
    "start": 1617890565200,
    "end": 1617890565206,
    "duration": 6,
    "pid": 60220,
    "index": 82
  },
  {
    "name": "Load Router",
    "start": 1617890565206,
    "end": 1617890565208,
    "duration": 2,
    "pid": 60220,
    "index": 83
  },
  {
    "name": "Require(62) app/router.js",
    "start": 1617890565206,
    "end": 1617890565206,
    "duration": 0,
    "pid": 60220,
    "index": 84
  },
  {
    "name": "Before Start in node_modules/egg-core/lib/egg.js:303:10",
    "start": 1617890565207,
    "end": 1617890565281,
    "duration": 74,
    "pid": 60220,
    "index": 85
  }
]