[
  {
    "name": "Process Start",
    "start": 1617890421097,
    "end": 1617890421974,
    "duration": 877,
    "pid": 59984,
    "index": 0
  },
  {
    "name": "Application Start",
    "start": 1617890421987,
    "end": 1617890423572,
    "duration": 1585,
    "pid": 59984,
    "index": 1
  },
  {
    "name": "Load Plugin",
    "start": 1617890422033,
    "end": 1617890422048,
    "duration": 15,
    "pid": 59984,
    "index": 2
  },
  {
    "name": "Load Config",
    "start": 1617890422048,
    "end": 1617890422105,
    "duration": 57,
    "pid": 59984,
    "index": 3
  },
  {
    "name": "Require(0) config/config.default.js",
    "start": 1617890422049,
    "end": 1617890422049,
    "duration": 0,
    "pid": 59984,
    "index": 4
  },
  {
    "name": "Require(1) config/config.prod.js",
    "start": 1617890422063,
    "end": 1617890422063,
    "duration": 0,
    "pid": 59984,
    "index": 5
  },
  {
    "name": "Require(2) node_modules/egg-session/config/config.default.js",
    "start": 1617890422064,
    "end": 1617890422064,
    "duration": 0,
    "pid": 59984,
    "index": 6
  },
  {
    "name": "Require(3) node_modules/egg-security/config/config.default.js",
    "start": 1617890422065,
    "end": 1617890422066,
    "duration": 1,
    "pid": 59984,
    "index": 7
  },
  {
    "name": "Require(4) node_modules/egg-jsonp/config/config.default.js",
    "start": 1617890422066,
    "end": 1617890422067,
    "duration": 1,
    "pid": 59984,
    "index": 8
  },
  {
    "name": "Require(5) node_modules/egg-onerror/config/config.default.js",
    "start": 1617890422067,
    "end": 1617890422067,
    "duration": 0,
    "pid": 59984,
    "index": 9
  },
  {
    "name": "Require(6) node_modules/egg-i18n/config/config.default.js",
    "start": 1617890422067,
    "end": 1617890422067,
    "duration": 0,
    "pid": 59984,
    "index": 10
  },
  {
    "name": "Require(7) node_modules/egg-watcher/config/config.default.js",
    "start": 1617890422068,
    "end": 1617890422068,
    "duration": 0,
    "pid": 59984,
    "index": 11
  },
  {
    "name": "Require(8) node_modules/egg-schedule/config/config.default.js",
    "start": 1617890422068,
    "end": 1617890422069,
    "duration": 1,
    "pid": 59984,
    "index": 12
  },
  {
    "name": "Require(9) node_modules/egg-multipart/config/config.default.js",
    "start": 1617890422069,
    "end": 1617890422069,
    "duration": 0,
    "pid": 59984,
    "index": 13
  },
  {
    "name": "Require(10) node_modules/egg-logrotator/config/config.default.js",
    "start": 1617890422069,
    "end": 1617890422070,
    "duration": 1,
    "pid": 59984,
    "index": 14
  },
  {
    "name": "Require(11) node_modules/egg-static/config/config.default.js",
    "start": 1617890422076,
    "end": 1617890422077,
    "duration": 1,
    "pid": 59984,
    "index": 15
  },
  {
    "name": "Require(12) node_modules/egg-view/config/config.default.js",
    "start": 1617890422077,
    "end": 1617890422078,
    "duration": 1,
    "pid": 59984,
    "index": 16
  },
  {
    "name": "Require(13) node_modules/egg-validate/config/config.default.js",
    "start": 1617890422078,
    "end": 1617890422078,
    "duration": 0,
    "pid": 59984,
    "index": 17
  },
  {
    "name": "Require(14) node_modules/egg-view-ejs/config/config.default.js",
    "start": 1617890422078,
    "end": 1617890422079,
    "duration": 1,
    "pid": 59984,
    "index": 18
  },
  {
    "name": "Require(15) node_modules/egg-mysql/config/config.default.js",
    "start": 1617890422079,
    "end": 1617890422080,
    "duration": 1,
    "pid": 59984,
    "index": 19
  },
  {
    "name": "Require(16) node_modules/egg-sequelize/config/config.default.js",
    "start": 1617890422080,
    "end": 1617890422080,
    "duration": 0,
    "pid": 59984,
    "index": 20
  },
  {
    "name": "Require(17) node_modules/egg-jwt/config/config.default.js",
    "start": 1617890422081,
    "end": 1617890422081,
    "duration": 0,
    "pid": 59984,
    "index": 21
  },
  {
    "name": "Require(18) node_modules/egg-redis/config/config.default.js",
    "start": 1617890422081,
    "end": 1617890422095,
    "duration": 14,
    "pid": 59984,
    "index": 22
  },
  {
    "name": "Require(19) node_modules/egg/config/config.default.js",
    "start": 1617890422096,
    "end": 1617890422096,
    "duration": 0,
    "pid": 59984,
    "index": 23
  },
  {
    "name": "Require(20) config/config.default.js",
    "start": 1617890422097,
    "end": 1617890422097,
    "duration": 0,
    "pid": 59984,
    "index": 24
  },
  {
    "name": "Require(21) node_modules/egg-static/config/config.prod.js",
    "start": 1617890422104,
    "end": 1617890422104,
    "duration": 0,
    "pid": 59984,
    "index": 25
  },
  {
    "name": "Require(22) config/config.prod.js",
    "start": 1617890422104,
    "end": 1617890422104,
    "duration": 0,
    "pid": 59984,
    "index": 26
  },
  {
    "name": "Load extend/application.js",
    "start": 1617890422122,
    "end": 1617890422176,
    "duration": 54,
    "pid": 59984,
    "index": 27
  },
  {
    "name": "Require(23) node_modules/egg-session/app/extend/application.js",
    "start": 1617890422122,
    "end": 1617890422123,
    "duration": 1,
    "pid": 59984,
    "index": 28
  },
  {
    "name": "Require(24) node_modules/egg-security/app/extend/application.js",
    "start": 1617890422123,
    "end": 1617890422123,
    "duration": 0,
    "pid": 59984,
    "index": 29
  },
  {
    "name": "Require(25) node_modules/egg-jsonp/app/extend/application.js",
    "start": 1617890422123,
    "end": 1617890422124,
    "duration": 1,
    "pid": 59984,
    "index": 30
  },
  {
    "name": "Require(26) node_modules/egg-logrotator/app/extend/application.js",
    "start": 1617890422124,
    "end": 1617890422125,
    "duration": 1,
    "pid": 59984,
    "index": 31
  },
  {
    "name": "Require(27) node_modules/egg-view/app/extend/application.js",
    "start": 1617890422125,
    "end": 1617890422126,
    "duration": 1,
    "pid": 59984,
    "index": 32
  },
  {
    "name": "Require(28) node_modules/egg-jwt/app/extend/application.js",
    "start": 1617890422126,
    "end": 1617890422164,
    "duration": 38,
    "pid": 59984,
    "index": 33
  },
  {
    "name": "Require(29) app/extend/application.js",
    "start": 1617890422174,
    "end": 1617890422174,
    "duration": 0,
    "pid": 59984,
    "index": 34
  },
  {
    "name": "Load extend/request.js",
    "start": 1617890422176,
    "end": 1617890422179,
    "duration": 3,
    "pid": 59984,
    "index": 35
  },
  {
    "name": "Require(30) node_modules/egg/app/extend/request.js",
    "start": 1617890422177,
    "end": 1617890422177,
    "duration": 0,
    "pid": 59984,
    "index": 36
  },
  {
    "name": "Require(31) app/extend/request.js",
    "start": 1617890422178,
    "end": 1617890422178,
    "duration": 0,
    "pid": 59984,
    "index": 37
  },
  {
    "name": "Load extend/response.js",
    "start": 1617890422179,
    "end": 1617890422190,
    "duration": 11,
    "pid": 59984,
    "index": 38
  },
  {
    "name": "Require(32) node_modules/egg/app/extend/response.js",
    "start": 1617890422182,
    "end": 1617890422188,
    "duration": 6,
    "pid": 59984,
    "index": 39
  },
  {
    "name": "Require(33) app/extend/response.js",
    "start": 1617890422188,
    "end": 1617890422189,
    "duration": 1,
    "pid": 59984,
    "index": 40
  },
  {
    "name": "Load extend/context.js",
    "start": 1617890422190,
    "end": 1617890422253,
    "duration": 63,
    "pid": 59984,
    "index": 41
  },
  {
    "name": "Require(34) node_modules/egg-security/app/extend/context.js",
    "start": 1617890422190,
    "end": 1617890422194,
    "duration": 4,
    "pid": 59984,
    "index": 42
  },
  {
    "name": "Require(35) node_modules/egg-jsonp/app/extend/context.js",
    "start": 1617890422195,
    "end": 1617890422195,
    "duration": 0,
    "pid": 59984,
    "index": 43
  },
  {
    "name": "Require(36) node_modules/egg-i18n/app/extend/context.js",
    "start": 1617890422195,
    "end": 1617890422196,
    "duration": 1,
    "pid": 59984,
    "index": 44
  },
  {
    "name": "Require(37) node_modules/egg-multipart/app/extend/context.js",
    "start": 1617890422196,
    "end": 1617890422241,
    "duration": 45,
    "pid": 59984,
    "index": 45
  },
  {
    "name": "Require(38) node_modules/egg-view/app/extend/context.js",
    "start": 1617890422241,
    "end": 1617890422250,
    "duration": 9,
    "pid": 59984,
    "index": 46
  },
  {
    "name": "Require(39) node_modules/egg-validate/app/extend/context.js",
    "start": 1617890422250,
    "end": 1617890422250,
    "duration": 0,
    "pid": 59984,
    "index": 47
  },
  {
    "name": "Require(40) lib/plugin/egg-info/app/extend/context.js",
    "start": 1617890422250,
    "end": 1617890422250,
    "duration": 0,
    "pid": 59984,
    "index": 48
  },
  {
    "name": "Require(41) node_modules/egg/app/extend/context.js",
    "start": 1617890422251,
    "end": 1617890422252,
    "duration": 1,
    "pid": 59984,
    "index": 49
  },
  {
    "name": "Require(42) app/extend/context.js",
    "start": 1617890422252,
    "end": 1617890422252,
    "duration": 0,
    "pid": 59984,
    "index": 50
  },
  {
    "name": "Load extend/helper.js",
    "start": 1617890422253,
    "end": 1617890422313,
    "duration": 60,
    "pid": 59984,
    "index": 51
  },
  {
    "name": "Require(43) node_modules/egg-security/app/extend/helper.js",
    "start": 1617890422253,
    "end": 1617890422298,
    "duration": 45,
    "pid": 59984,
    "index": 52
  },
  {
    "name": "Require(44) node_modules/egg/app/extend/helper.js",
    "start": 1617890422299,
    "end": 1617890422300,
    "duration": 1,
    "pid": 59984,
    "index": 53
  },
  {
    "name": "Require(45) app/extend/helper.js",
    "start": 1617890422300,
    "end": 1617890422301,
    "duration": 1,
    "pid": 59984,
    "index": 54
  },
  {
    "name": "Load app.js",
    "start": 1617890422313,
    "end": 1617890422377,
    "duration": 64,
    "pid": 59984,
    "index": 55
  },
  {
    "name": "Require(46) node_modules/egg-session/app.js",
    "start": 1617890422313,
    "end": 1617890422313,
    "duration": 0,
    "pid": 59984,
    "index": 56
  },
  {
    "name": "Require(47) node_modules/egg-security/app.js",
    "start": 1617890422313,
    "end": 1617890422314,
    "duration": 1,
    "pid": 59984,
    "index": 57
  },
  {
    "name": "Require(48) node_modules/egg-onerror/app.js",
    "start": 1617890422329,
    "end": 1617890422333,
    "duration": 4,
    "pid": 59984,
    "index": 58
  },
  {
    "name": "Require(49) node_modules/egg-i18n/app.js",
    "start": 1617890422333,
    "end": 1617890422339,
    "duration": 6,
    "pid": 59984,
    "index": 59
  },
  {
    "name": "Require(50) node_modules/egg-watcher/app.js",
    "start": 1617890422339,
    "end": 1617890422355,
    "duration": 16,
    "pid": 59984,
    "index": 60
  },
  {
    "name": "Require(51) node_modules/egg-schedule/app.js",
    "start": 1617890422355,
    "end": 1617890422355,
    "duration": 0,
    "pid": 59984,
    "index": 61
  },
  {
    "name": "Require(52) node_modules/egg-multipart/app.js",
    "start": 1617890422356,
    "end": 1617890422356,
    "duration": 0,
    "pid": 59984,
    "index": 62
  },
  {
    "name": "Require(53) node_modules/egg-logrotator/app.js",
    "start": 1617890422356,
    "end": 1617890422356,
    "duration": 0,
    "pid": 59984,
    "index": 63
  },
  {
    "name": "Require(54) node_modules/egg-static/app.js",
    "start": 1617890422356,
    "end": 1617890422356,
    "duration": 0,
    "pid": 59984,
    "index": 64
  },
  {
    "name": "Require(55) node_modules/egg-validate/app.js",
    "start": 1617890422357,
    "end": 1617890422360,
    "duration": 3,
    "pid": 59984,
    "index": 65
  },
  {
    "name": "Require(56) node_modules/egg-view-ejs/app.js",
    "start": 1617890422360,
    "end": 1617890422360,
    "duration": 0,
    "pid": 59984,
    "index": 66
  },
  {
    "name": "Require(57) node_modules/egg-mysql/app.js",
    "start": 1617890422361,
    "end": 1617890422375,
    "duration": 14,
    "pid": 59984,
    "index": 67
  },
  {
    "name": "Require(58) node_modules/egg-sequelize/app.js",
    "start": 1617890422375,
    "end": 1617890422376,
    "duration": 1,
    "pid": 59984,
    "index": 68
  },
  {
    "name": "Require(59) node_modules/egg-jwt/app.js",
    "start": 1617890422376,
    "end": 1617890422376,
    "duration": 0,
    "pid": 59984,
    "index": 69
  },
  {
    "name": "Require(60) node_modules/egg-redis/app.js",
    "start": 1617890422376,
    "end": 1617890422376,
    "duration": 0,
    "pid": 59984,
    "index": 70
  },
  {
    "name": "Require(61) app.js",
    "start": 1617890422377,
    "end": 1617890422377,
    "duration": 0,
    "pid": 59984,
    "index": 71
  },
  {
    "name": "Before Start in node_modules/egg-watcher/lib/init.js:15:14",
    "start": 1617890422385,
    "end": 1617890423412,
    "duration": 1027,
    "pid": 59984,
    "index": 72
  },
  {
    "name": "Before Start in node_modules/egg-mysql/lib/mysql.js:20:7",
    "start": 1617890422509,
    "end": 1617890423471,
    "duration": 962,
    "pid": 59984,
    "index": 73
  },
  {
    "name": "Load \"Symbol(model)\" to Application",
    "start": 1617890422946,
    "end": 1617890423062,
    "duration": 116,
    "pid": 59984,
    "index": 74
  },
  {
    "name": "Before Start in node_modules/egg-sequelize/lib/loader.js:39:7",
    "start": 1617890423074,
    "end": 1617890423571,
    "duration": 497,
    "pid": 59984,
    "index": 75
  },
  {
    "name": "Before Start in node_modules/egg-redis/lib/redis.js:53:7",
    "start": 1617890423198,
    "end": 1617890423435,
    "duration": 237,
    "pid": 59984,
    "index": 76
  },
  {
    "name": "Load Service",
    "start": 1617890423198,
    "end": 1617890423204,
    "duration": 6,
    "pid": 59984,
    "index": 77
  },
  {
    "name": "Load \"service\" to Context",
    "start": 1617890423198,
    "end": 1617890423204,
    "duration": 6,
    "pid": 59984,
    "index": 78
  },
  {
    "name": "Load Middleware",
    "start": 1617890423205,
    "end": 1617890423345,
    "duration": 140,
    "pid": 59984,
    "index": 79
  },
  {
    "name": "Load \"middlewares\" to Application",
    "start": 1617890423205,
    "end": 1617890423305,
    "duration": 100,
    "pid": 59984,
    "index": 80
  },
  {
    "name": "Load Controller",
    "start": 1617890423345,
    "end": 1617890423349,
    "duration": 4,
    "pid": 59984,
    "index": 81
  },
  {
    "name": "Load \"controller\" to Application",
    "start": 1617890423345,
    "end": 1617890423349,
    "duration": 4,
    "pid": 59984,
    "index": 82
  },
  {
    "name": "Load Router",
    "start": 1617890423349,
    "end": 1617890423352,
    "duration": 3,
    "pid": 59984,
    "index": 83
  },
  {
    "name": "Require(62) app/router.js",
    "start": 1617890423349,
    "end": 1617890423350,
    "duration": 1,
    "pid": 59984,
    "index": 84
  },
  {
    "name": "Before Start in node_modules/egg-core/lib/egg.js:303:10",
    "start": 1617890423350,
    "end": 1617890423406,
    "duration": 56,
    "pid": 59984,
    "index": 85
  }
]