[
  {
    "name": "Process Start",
    "start": 1617890563302,
    "end": 1617890564079,
    "duration": 777,
    "pid": 60222,
    "index": 0
  },
  {
    "name": "Application Start",
    "start": 1617890564079,
    "end": 1617890565526,
    "duration": 1447,
    "pid": 60222,
    "index": 1
  },
  {
    "name": "Load Plugin",
    "start": 1617890564083,
    "end": 1617890564094,
    "duration": 11,
    "pid": 60222,
    "index": 2
  },
  {
    "name": "Load Config",
    "start": 1617890564094,
    "end": 1617890564119,
    "duration": 25,
    "pid": 60222,
    "index": 3
  },
  {
    "name": "Require(0) config/config.default.js",
    "start": 1617890564094,
    "end": 1617890564095,
    "duration": 1,
    "pid": 60222,
    "index": 4
  },
  {
    "name": "Require(1) config/config.prod.js",
    "start": 1617890564096,
    "end": 1617890564096,
    "duration": 0,
    "pid": 60222,
    "index": 5
  },
  {
    "name": "Require(2) node_modules/egg-session/config/config.default.js",
    "start": 1617890564096,
    "end": 1617890564097,
    "duration": 1,
    "pid": 60222,
    "index": 6
  },
  {
    "name": "Require(3) node_modules/egg-security/config/config.default.js",
    "start": 1617890564097,
    "end": 1617890564097,
    "duration": 0,
    "pid": 60222,
    "index": 7
  },
  {
    "name": "Require(4) node_modules/egg-jsonp/config/config.default.js",
    "start": 1617890564098,
    "end": 1617890564098,
    "duration": 0,
    "pid": 60222,
    "index": 8
  },
  {
    "name": "Require(5) node_modules/egg-onerror/config/config.default.js",
    "start": 1617890564098,
    "end": 1617890564098,
    "duration": 0,
    "pid": 60222,
    "index": 9
  },
  {
    "name": "Require(6) node_modules/egg-i18n/config/config.default.js",
    "start": 1617890564099,
    "end": 1617890564099,
    "duration": 0,
    "pid": 60222,
    "index": 10
  },
  {
    "name": "Require(7) node_modules/egg-watcher/config/config.default.js",
    "start": 1617890564099,
    "end": 1617890564099,
    "duration": 0,
    "pid": 60222,
    "index": 11
  },
  {
    "name": "Require(8) node_modules/egg-schedule/config/config.default.js",
    "start": 1617890564099,
    "end": 1617890564100,
    "duration": 1,
    "pid": 60222,
    "index": 12
  },
  {
    "name": "Require(9) node_modules/egg-multipart/config/config.default.js",
    "start": 1617890564100,
    "end": 1617890564100,
    "duration": 0,
    "pid": 60222,
    "index": 13
  },
  {
    "name": "Require(10) node_modules/egg-logrotator/config/config.default.js",
    "start": 1617890564101,
    "end": 1617890564101,
    "duration": 0,
    "pid": 60222,
    "index": 14
  },
  {
    "name": "Require(11) node_modules/egg-static/config/config.default.js",
    "start": 1617890564101,
    "end": 1617890564101,
    "duration": 0,
    "pid": 60222,
    "index": 15
  },
  {
    "name": "Require(12) node_modules/egg-view/config/config.default.js",
    "start": 1617890564101,
    "end": 1617890564102,
    "duration": 1,
    "pid": 60222,
    "index": 16
  },
  {
    "name": "Require(13) node_modules/egg-validate/config/config.default.js",
    "start": 1617890564102,
    "end": 1617890564102,
    "duration": 0,
    "pid": 60222,
    "index": 17
  },
  {
    "name": "Require(14) node_modules/egg-view-ejs/config/config.default.js",
    "start": 1617890564102,
    "end": 1617890564102,
    "duration": 0,
    "pid": 60222,
    "index": 18
  },
  {
    "name": "Require(15) node_modules/egg-mysql/config/config.default.js",
    "start": 1617890564103,
    "end": 1617890564103,
    "duration": 0,
    "pid": 60222,
    "index": 19
  },
  {
    "name": "Require(16) node_modules/egg-sequelize/config/config.default.js",
    "start": 1617890564103,
    "end": 1617890564103,
    "duration": 0,
    "pid": 60222,
    "index": 20
  },
  {
    "name": "Require(17) node_modules/egg-jwt/config/config.default.js",
    "start": 1617890564103,
    "end": 1617890564104,
    "duration": 1,
    "pid": 60222,
    "index": 21
  },
  {
    "name": "Require(18) node_modules/egg-redis/config/config.default.js",
    "start": 1617890564104,
    "end": 1617890564104,
    "duration": 0,
    "pid": 60222,
    "index": 22
  },
  {
    "name": "Require(19) node_modules/egg/config/config.default.js",
    "start": 1617890564105,
    "end": 1617890564105,
    "duration": 0,
    "pid": 60222,
    "index": 23
  },
  {
    "name": "Require(20) config/config.default.js",
    "start": 1617890564106,
    "end": 1617890564106,
    "duration": 0,
    "pid": 60222,
    "index": 24
  },
  {
    "name": "Require(21) node_modules/egg-static/config/config.prod.js",
    "start": 1617890564106,
    "end": 1617890564107,
    "duration": 1,
    "pid": 60222,
    "index": 25
  },
  {
    "name": "Require(22) config/config.prod.js",
    "start": 1617890564119,
    "end": 1617890564119,
    "duration": 0,
    "pid": 60222,
    "index": 26
  },
  {
    "name": "Load extend/application.js",
    "start": 1617890564147,
    "end": 1617890564197,
    "duration": 50,
    "pid": 60222,
    "index": 27
  },
  {
    "name": "Require(23) node_modules/egg-session/app/extend/application.js",
    "start": 1617890564147,
    "end": 1617890564148,
    "duration": 1,
    "pid": 60222,
    "index": 28
  },
  {
    "name": "Require(24) node_modules/egg-security/app/extend/application.js",
    "start": 1617890564149,
    "end": 1617890564149,
    "duration": 0,
    "pid": 60222,
    "index": 29
  },
  {
    "name": "Require(25) node_modules/egg-jsonp/app/extend/application.js",
    "start": 1617890564150,
    "end": 1617890564150,
    "duration": 0,
    "pid": 60222,
    "index": 30
  },
  {
    "name": "Require(26) node_modules/egg-logrotator/app/extend/application.js",
    "start": 1617890564150,
    "end": 1617890564155,
    "duration": 5,
    "pid": 60222,
    "index": 31
  },
  {
    "name": "Require(27) node_modules/egg-view/app/extend/application.js",
    "start": 1617890564155,
    "end": 1617890564156,
    "duration": 1,
    "pid": 60222,
    "index": 32
  },
  {
    "name": "Require(28) node_modules/egg-jwt/app/extend/application.js",
    "start": 1617890564158,
    "end": 1617890564194,
    "duration": 36,
    "pid": 60222,
    "index": 33
  },
  {
    "name": "Require(29) app/extend/application.js",
    "start": 1617890564195,
    "end": 1617890564195,
    "duration": 0,
    "pid": 60222,
    "index": 34
  },
  {
    "name": "Load extend/request.js",
    "start": 1617890564197,
    "end": 1617890564236,
    "duration": 39,
    "pid": 60222,
    "index": 35
  },
  {
    "name": "Require(30) node_modules/egg/app/extend/request.js",
    "start": 1617890564201,
    "end": 1617890564202,
    "duration": 1,
    "pid": 60222,
    "index": 36
  },
  {
    "name": "Require(31) app/extend/request.js",
    "start": 1617890564202,
    "end": 1617890564202,
    "duration": 0,
    "pid": 60222,
    "index": 37
  },
  {
    "name": "Load extend/response.js",
    "start": 1617890564236,
    "end": 1617890564244,
    "duration": 8,
    "pid": 60222,
    "index": 38
  },
  {
    "name": "Require(32) node_modules/egg/app/extend/response.js",
    "start": 1617890564242,
    "end": 1617890564243,
    "duration": 1,
    "pid": 60222,
    "index": 39
  },
  {
    "name": "Require(33) app/extend/response.js",
    "start": 1617890564243,
    "end": 1617890564243,
    "duration": 0,
    "pid": 60222,
    "index": 40
  },
  {
    "name": "Load extend/context.js",
    "start": 1617890564244,
    "end": 1617890564324,
    "duration": 80,
    "pid": 60222,
    "index": 41
  },
  {
    "name": "Require(34) node_modules/egg-security/app/extend/context.js",
    "start": 1617890564245,
    "end": 1617890564262,
    "duration": 17,
    "pid": 60222,
    "index": 42
  },
  {
    "name": "Require(35) node_modules/egg-jsonp/app/extend/context.js",
    "start": 1617890564262,
    "end": 1617890564263,
    "duration": 1,
    "pid": 60222,
    "index": 43
  },
  {
    "name": "Require(36) node_modules/egg-i18n/app/extend/context.js",
    "start": 1617890564264,
    "end": 1617890564265,
    "duration": 1,
    "pid": 60222,
    "index": 44
  },
  {
    "name": "Require(37) node_modules/egg-multipart/app/extend/context.js",
    "start": 1617890564266,
    "end": 1617890564314,
    "duration": 48,
    "pid": 60222,
    "index": 45
  },
  {
    "name": "Require(38) node_modules/egg-view/app/extend/context.js",
    "start": 1617890564314,
    "end": 1617890564315,
    "duration": 1,
    "pid": 60222,
    "index": 46
  },
  {
    "name": "Require(39) node_modules/egg-validate/app/extend/context.js",
    "start": 1617890564315,
    "end": 1617890564320,
    "duration": 5,
    "pid": 60222,
    "index": 47
  },
  {
    "name": "Require(40) lib/plugin/egg-info/app/extend/context.js",
    "start": 1617890564320,
    "end": 1617890564321,
    "duration": 1,
    "pid": 60222,
    "index": 48
  },
  {
    "name": "Require(41) node_modules/egg/app/extend/context.js",
    "start": 1617890564321,
    "end": 1617890564322,
    "duration": 1,
    "pid": 60222,
    "index": 49
  },
  {
    "name": "Require(42) app/extend/context.js",
    "start": 1617890564322,
    "end": 1617890564322,
    "duration": 0,
    "pid": 60222,
    "index": 50
  },
  {
    "name": "Load extend/helper.js",
    "start": 1617890564324,
    "end": 1617890564341,
    "duration": 17,
    "pid": 60222,
    "index": 51
  },
  {
    "name": "Require(43) node_modules/egg-security/app/extend/helper.js",
    "start": 1617890564324,
    "end": 1617890564335,
    "duration": 11,
    "pid": 60222,
    "index": 52
  },
  {
    "name": "Require(44) node_modules/egg/app/extend/helper.js",
    "start": 1617890564339,
    "end": 1617890564339,
    "duration": 0,
    "pid": 60222,
    "index": 53
  },
  {
    "name": "Require(45) app/extend/helper.js",
    "start": 1617890564339,
    "end": 1617890564340,
    "duration": 1,
    "pid": 60222,
    "index": 54
  },
  {
    "name": "Load app.js",
    "start": 1617890564341,
    "end": 1617890564403,
    "duration": 62,
    "pid": 60222,
    "index": 55
  },
  {
    "name": "Require(46) node_modules/egg-session/app.js",
    "start": 1617890564341,
    "end": 1617890564342,
    "duration": 1,
    "pid": 60222,
    "index": 56
  },
  {
    "name": "Require(47) node_modules/egg-security/app.js",
    "start": 1617890564342,
    "end": 1617890564342,
    "duration": 0,
    "pid": 60222,
    "index": 57
  },
  {
    "name": "Require(48) node_modules/egg-onerror/app.js",
    "start": 1617890564343,
    "end": 1617890564347,
    "duration": 4,
    "pid": 60222,
    "index": 58
  },
  {
    "name": "Require(49) node_modules/egg-i18n/app.js",
    "start": 1617890564347,
    "end": 1617890564367,
    "duration": 20,
    "pid": 60222,
    "index": 59
  },
  {
    "name": "Require(50) node_modules/egg-watcher/app.js",
    "start": 1617890564367,
    "end": 1617890564368,
    "duration": 1,
    "pid": 60222,
    "index": 60
  },
  {
    "name": "Require(51) node_modules/egg-schedule/app.js",
    "start": 1617890564368,
    "end": 1617890564369,
    "duration": 1,
    "pid": 60222,
    "index": 61
  },
  {
    "name": "Require(52) node_modules/egg-multipart/app.js",
    "start": 1617890564369,
    "end": 1617890564369,
    "duration": 0,
    "pid": 60222,
    "index": 62
  },
  {
    "name": "Require(53) node_modules/egg-logrotator/app.js",
    "start": 1617890564369,
    "end": 1617890564369,
    "duration": 0,
    "pid": 60222,
    "index": 63
  },
  {
    "name": "Require(54) node_modules/egg-static/app.js",
    "start": 1617890564370,
    "end": 1617890564370,
    "duration": 0,
    "pid": 60222,
    "index": 64
  },
  {
    "name": "Require(55) node_modules/egg-validate/app.js",
    "start": 1617890564370,
    "end": 1617890564376,
    "duration": 6,
    "pid": 60222,
    "index": 65
  },
  {
    "name": "Require(56) node_modules/egg-view-ejs/app.js",
    "start": 1617890564376,
    "end": 1617890564376,
    "duration": 0,
    "pid": 60222,
    "index": 66
  },
  {
    "name": "Require(57) node_modules/egg-mysql/app.js",
    "start": 1617890564376,
    "end": 1617890564401,
    "duration": 25,
    "pid": 60222,
    "index": 67
  },
  {
    "name": "Require(58) node_modules/egg-sequelize/app.js",
    "start": 1617890564401,
    "end": 1617890564401,
    "duration": 0,
    "pid": 60222,
    "index": 68
  },
  {
    "name": "Require(59) node_modules/egg-jwt/app.js",
    "start": 1617890564401,
    "end": 1617890564402,
    "duration": 1,
    "pid": 60222,
    "index": 69
  },
  {
    "name": "Require(60) node_modules/egg-redis/app.js",
    "start": 1617890564402,
    "end": 1617890564402,
    "duration": 0,
    "pid": 60222,
    "index": 70
  },
  {
    "name": "Require(61) app.js",
    "start": 1617890564403,
    "end": 1617890564403,
    "duration": 0,
    "pid": 60222,
    "index": 71
  },
  {
    "name": "Before Start in node_modules/egg-watcher/lib/init.js:15:14",
    "start": 1617890564415,
    "end": 1617890565366,
    "duration": 951,
    "pid": 60222,
    "index": 72
  },
  {
    "name": "Before Start in node_modules/egg-mysql/lib/mysql.js:20:7",
    "start": 1617890564574,
    "end": 1617890565428,
    "duration": 854,
    "pid": 60222,
    "index": 73
  },
  {
    "name": "Load \"Symbol(model)\" to Application",
    "start": 1617890564907,
    "end": 1617890564949,
    "duration": 42,
    "pid": 60222,
    "index": 74
  },
  {
    "name": "Before Start in node_modules/egg-sequelize/lib/loader.js:39:7",
    "start": 1617890564978,
    "end": 1617890565526,
    "duration": 548,
    "pid": 60222,
    "index": 75
  },
  {
    "name": "Before Start in node_modules/egg-redis/lib/redis.js:53:7",
    "start": 1617890565037,
    "end": 1617890565368,
    "duration": 331,
    "pid": 60222,
    "index": 76
  },
  {
    "name": "Load Service",
    "start": 1617890565037,
    "end": 1617890565068,
    "duration": 31,
    "pid": 60222,
    "index": 77
  },
  {
    "name": "Load \"service\" to Context",
    "start": 1617890565037,
    "end": 1617890565068,
    "duration": 31,
    "pid": 60222,
    "index": 78
  },
  {
    "name": "Load Middleware",
    "start": 1617890565069,
    "end": 1617890565289,
    "duration": 220,
    "pid": 60222,
    "index": 79
  },
  {
    "name": "Load \"middlewares\" to Application",
    "start": 1617890565069,
    "end": 1617890565226,
    "duration": 157,
    "pid": 60222,
    "index": 80
  },
  {
    "name": "Load Controller",
    "start": 1617890565289,
    "end": 1617890565293,
    "duration": 4,
    "pid": 60222,
    "index": 81
  },
  {
    "name": "Load \"controller\" to Application",
    "start": 1617890565289,
    "end": 1617890565293,
    "duration": 4,
    "pid": 60222,
    "index": 82
  },
  {
    "name": "Load Router",
    "start": 1617890565293,
    "end": 1617890565295,
    "duration": 2,
    "pid": 60222,
    "index": 83
  },
  {
    "name": "Require(62) app/router.js",
    "start": 1617890565294,
    "end": 1617890565294,
    "duration": 0,
    "pid": 60222,
    "index": 84
  },
  {
    "name": "Before Start in node_modules/egg-core/lib/egg.js:303:10",
    "start": 1617890565294,
    "end": 1617890565344,
    "duration": 50,
    "pid": 60222,
    "index": 85
  }
]