[
  {
    "name": "Process Start",
    "start": 1617890421083,
    "end": 1617890421906,
    "duration": 823,
    "pid": 59980,
    "index": 0
  },
  {
    "name": "Application Start",
    "start": 1617890421907,
    "end": 1617890423494,
    "duration": 1587,
    "pid": 59980,
    "index": 1
  },
  {
    "name": "Load Plugin",
    "start": 1617890421976,
    "end": 1617890421995,
    "duration": 19,
    "pid": 59980,
    "index": 2
  },
  {
    "name": "Load Config",
    "start": 1617890421995,
    "end": 1617890422020,
    "duration": 25,
    "pid": 59980,
    "index": 3
  },
  {
    "name": "Require(0) config/config.default.js",
    "start": 1617890421995,
    "end": 1617890421996,
    "duration": 1,
    "pid": 59980,
    "index": 4
  },
  {
    "name": "Require(1) config/config.prod.js",
    "start": 1617890421997,
    "end": 1617890421997,
    "duration": 0,
    "pid": 59980,
    "index": 5
  },
  {
    "name": "Require(2) node_modules/egg-session/config/config.default.js",
    "start": 1617890421998,
    "end": 1617890421998,
    "duration": 0,
    "pid": 59980,
    "index": 6
  },
  {
    "name": "Require(3) node_modules/egg-security/config/config.default.js",
    "start": 1617890421998,
    "end": 1617890421998,
    "duration": 0,
    "pid": 59980,
    "index": 7
  },
  {
    "name": "Require(4) node_modules/egg-jsonp/config/config.default.js",
    "start": 1617890421999,
    "end": 1617890421999,
    "duration": 0,
    "pid": 59980,
    "index": 8
  },
  {
    "name": "Require(5) node_modules/egg-onerror/config/config.default.js",
    "start": 1617890421999,
    "end": 1617890422000,
    "duration": 1,
    "pid": 59980,
    "index": 9
  },
  {
    "name": "Require(6) node_modules/egg-i18n/config/config.default.js",
    "start": 1617890422000,
    "end": 1617890422000,
    "duration": 0,
    "pid": 59980,
    "index": 10
  },
  {
    "name": "Require(7) node_modules/egg-watcher/config/config.default.js",
    "start": 1617890422000,
    "end": 1617890422001,
    "duration": 1,
    "pid": 59980,
    "index": 11
  },
  {
    "name": "Require(8) node_modules/egg-schedule/config/config.default.js",
    "start": 1617890422001,
    "end": 1617890422001,
    "duration": 0,
    "pid": 59980,
    "index": 12
  },
  {
    "name": "Require(9) node_modules/egg-multipart/config/config.default.js",
    "start": 1617890422001,
    "end": 1617890422001,
    "duration": 0,
    "pid": 59980,
    "index": 13
  },
  {
    "name": "Require(10) node_modules/egg-logrotator/config/config.default.js",
    "start": 1617890422002,
    "end": 1617890422002,
    "duration": 0,
    "pid": 59980,
    "index": 14
  },
  {
    "name": "Require(11) node_modules/egg-static/config/config.default.js",
    "start": 1617890422002,
    "end": 1617890422002,
    "duration": 0,
    "pid": 59980,
    "index": 15
  },
  {
    "name": "Require(12) node_modules/egg-view/config/config.default.js",
    "start": 1617890422002,
    "end": 1617890422003,
    "duration": 1,
    "pid": 59980,
    "index": 16
  },
  {
    "name": "Require(13) node_modules/egg-validate/config/config.default.js",
    "start": 1617890422003,
    "end": 1617890422003,
    "duration": 0,
    "pid": 59980,
    "index": 17
  },
  {
    "name": "Require(14) node_modules/egg-view-ejs/config/config.default.js",
    "start": 1617890422003,
    "end": 1617890422003,
    "duration": 0,
    "pid": 59980,
    "index": 18
  },
  {
    "name": "Require(15) node_modules/egg-mysql/config/config.default.js",
    "start": 1617890422004,
    "end": 1617890422004,
    "duration": 0,
    "pid": 59980,
    "index": 19
  },
  {
    "name": "Require(16) node_modules/egg-sequelize/config/config.default.js",
    "start": 1617890422005,
    "end": 1617890422006,
    "duration": 1,
    "pid": 59980,
    "index": 20
  },
  {
    "name": "Require(17) node_modules/egg-jwt/config/config.default.js",
    "start": 1617890422012,
    "end": 1617890422013,
    "duration": 1,
    "pid": 59980,
    "index": 21
  },
  {
    "name": "Require(18) node_modules/egg-redis/config/config.default.js",
    "start": 1617890422013,
    "end": 1617890422014,
    "duration": 1,
    "pid": 59980,
    "index": 22
  },
  {
    "name": "Require(19) node_modules/egg/config/config.default.js",
    "start": 1617890422014,
    "end": 1617890422015,
    "duration": 1,
    "pid": 59980,
    "index": 23
  },
  {
    "name": "Require(20) config/config.default.js",
    "start": 1617890422016,
    "end": 1617890422016,
    "duration": 0,
    "pid": 59980,
    "index": 24
  },
  {
    "name": "Require(21) node_modules/egg-static/config/config.prod.js",
    "start": 1617890422017,
    "end": 1617890422017,
    "duration": 0,
    "pid": 59980,
    "index": 25
  },
  {
    "name": "Require(22) config/config.prod.js",
    "start": 1617890422019,
    "end": 1617890422019,
    "duration": 0,
    "pid": 59980,
    "index": 26
  },
  {
    "name": "Load extend/application.js",
    "start": 1617890422023,
    "end": 1617890422089,
    "duration": 66,
    "pid": 59980,
    "index": 27
  },
  {
    "name": "Require(23) node_modules/egg-session/app/extend/application.js",
    "start": 1617890422023,
    "end": 1617890422023,
    "duration": 0,
    "pid": 59980,
    "index": 28
  },
  {
    "name": "Require(24) node_modules/egg-security/app/extend/application.js",
    "start": 1617890422023,
    "end": 1617890422024,
    "duration": 1,
    "pid": 59980,
    "index": 29
  },
  {
    "name": "Require(25) node_modules/egg-jsonp/app/extend/application.js",
    "start": 1617890422024,
    "end": 1617890422024,
    "duration": 0,
    "pid": 59980,
    "index": 30
  },
  {
    "name": "Require(26) node_modules/egg-logrotator/app/extend/application.js",
    "start": 1617890422025,
    "end": 1617890422025,
    "duration": 0,
    "pid": 59980,
    "index": 31
  },
  {
    "name": "Require(27) node_modules/egg-view/app/extend/application.js",
    "start": 1617890422026,
    "end": 1617890422026,
    "duration": 0,
    "pid": 59980,
    "index": 32
  },
  {
    "name": "Require(28) node_modules/egg-jwt/app/extend/application.js",
    "start": 1617890422027,
    "end": 1617890422077,
    "duration": 50,
    "pid": 59980,
    "index": 33
  },
  {
    "name": "Require(29) app/extend/application.js",
    "start": 1617890422077,
    "end": 1617890422078,
    "duration": 1,
    "pid": 59980,
    "index": 34
  },
  {
    "name": "Load extend/request.js",
    "start": 1617890422089,
    "end": 1617890422095,
    "duration": 6,
    "pid": 59980,
    "index": 35
  },
  {
    "name": "Require(30) node_modules/egg/app/extend/request.js",
    "start": 1617890422091,
    "end": 1617890422092,
    "duration": 1,
    "pid": 59980,
    "index": 36
  },
  {
    "name": "Require(31) app/extend/request.js",
    "start": 1617890422092,
    "end": 1617890422092,
    "duration": 0,
    "pid": 59980,
    "index": 37
  },
  {
    "name": "Load extend/response.js",
    "start": 1617890422095,
    "end": 1617890422101,
    "duration": 6,
    "pid": 59980,
    "index": 38
  },
  {
    "name": "Require(32) node_modules/egg/app/extend/response.js",
    "start": 1617890422098,
    "end": 1617890422099,
    "duration": 1,
    "pid": 59980,
    "index": 39
  },
  {
    "name": "Require(33) app/extend/response.js",
    "start": 1617890422099,
    "end": 1617890422099,
    "duration": 0,
    "pid": 59980,
    "index": 40
  },
  {
    "name": "Load extend/context.js",
    "start": 1617890422101,
    "end": 1617890422166,
    "duration": 65,
    "pid": 59980,
    "index": 41
  },
  {
    "name": "Require(34) node_modules/egg-security/app/extend/context.js",
    "start": 1617890422101,
    "end": 1617890422107,
    "duration": 6,
    "pid": 59980,
    "index": 42
  },
  {
    "name": "Require(35) node_modules/egg-jsonp/app/extend/context.js",
    "start": 1617890422107,
    "end": 1617890422108,
    "duration": 1,
    "pid": 59980,
    "index": 43
  },
  {
    "name": "Require(36) node_modules/egg-i18n/app/extend/context.js",
    "start": 1617890422108,
    "end": 1617890422108,
    "duration": 0,
    "pid": 59980,
    "index": 44
  },
  {
    "name": "Require(37) node_modules/egg-multipart/app/extend/context.js",
    "start": 1617890422109,
    "end": 1617890422162,
    "duration": 53,
    "pid": 59980,
    "index": 45
  },
  {
    "name": "Require(38) node_modules/egg-view/app/extend/context.js",
    "start": 1617890422162,
    "end": 1617890422163,
    "duration": 1,
    "pid": 59980,
    "index": 46
  },
  {
    "name": "Require(39) node_modules/egg-validate/app/extend/context.js",
    "start": 1617890422163,
    "end": 1617890422163,
    "duration": 0,
    "pid": 59980,
    "index": 47
  },
  {
    "name": "Require(40) lib/plugin/egg-info/app/extend/context.js",
    "start": 1617890422163,
    "end": 1617890422163,
    "duration": 0,
    "pid": 59980,
    "index": 48
  },
  {
    "name": "Require(41) node_modules/egg/app/extend/context.js",
    "start": 1617890422164,
    "end": 1617890422164,
    "duration": 0,
    "pid": 59980,
    "index": 49
  },
  {
    "name": "Require(42) app/extend/context.js",
    "start": 1617890422165,
    "end": 1617890422165,
    "duration": 0,
    "pid": 59980,
    "index": 50
  },
  {
    "name": "Load extend/helper.js",
    "start": 1617890422166,
    "end": 1617890422206,
    "duration": 40,
    "pid": 59980,
    "index": 51
  },
  {
    "name": "Require(43) node_modules/egg-security/app/extend/helper.js",
    "start": 1617890422167,
    "end": 1617890422199,
    "duration": 32,
    "pid": 59980,
    "index": 52
  },
  {
    "name": "Require(44) node_modules/egg/app/extend/helper.js",
    "start": 1617890422204,
    "end": 1617890422204,
    "duration": 0,
    "pid": 59980,
    "index": 53
  },
  {
    "name": "Require(45) app/extend/helper.js",
    "start": 1617890422204,
    "end": 1617890422205,
    "duration": 1,
    "pid": 59980,
    "index": 54
  },
  {
    "name": "Load app.js",
    "start": 1617890422206,
    "end": 1617890422270,
    "duration": 64,
    "pid": 59980,
    "index": 55
  },
  {
    "name": "Require(46) node_modules/egg-session/app.js",
    "start": 1617890422206,
    "end": 1617890422206,
    "duration": 0,
    "pid": 59980,
    "index": 56
  },
  {
    "name": "Require(47) node_modules/egg-security/app.js",
    "start": 1617890422206,
    "end": 1617890422207,
    "duration": 1,
    "pid": 59980,
    "index": 57
  },
  {
    "name": "Require(48) node_modules/egg-onerror/app.js",
    "start": 1617890422207,
    "end": 1617890422218,
    "duration": 11,
    "pid": 59980,
    "index": 58
  },
  {
    "name": "Require(49) node_modules/egg-i18n/app.js",
    "start": 1617890422218,
    "end": 1617890422227,
    "duration": 9,
    "pid": 59980,
    "index": 59
  },
  {
    "name": "Require(50) node_modules/egg-watcher/app.js",
    "start": 1617890422227,
    "end": 1617890422237,
    "duration": 10,
    "pid": 59980,
    "index": 60
  },
  {
    "name": "Require(51) node_modules/egg-schedule/app.js",
    "start": 1617890422237,
    "end": 1617890422238,
    "duration": 1,
    "pid": 59980,
    "index": 61
  },
  {
    "name": "Require(52) node_modules/egg-multipart/app.js",
    "start": 1617890422238,
    "end": 1617890422238,
    "duration": 0,
    "pid": 59980,
    "index": 62
  },
  {
    "name": "Require(53) node_modules/egg-logrotator/app.js",
    "start": 1617890422238,
    "end": 1617890422238,
    "duration": 0,
    "pid": 59980,
    "index": 63
  },
  {
    "name": "Require(54) node_modules/egg-static/app.js",
    "start": 1617890422238,
    "end": 1617890422238,
    "duration": 0,
    "pid": 59980,
    "index": 64
  },
  {
    "name": "Require(55) node_modules/egg-validate/app.js",
    "start": 1617890422239,
    "end": 1617890422239,
    "duration": 0,
    "pid": 59980,
    "index": 65
  },
  {
    "name": "Require(56) node_modules/egg-view-ejs/app.js",
    "start": 1617890422240,
    "end": 1617890422240,
    "duration": 0,
    "pid": 59980,
    "index": 66
  },
  {
    "name": "Require(57) node_modules/egg-mysql/app.js",
    "start": 1617890422240,
    "end": 1617890422246,
    "duration": 6,
    "pid": 59980,
    "index": 67
  },
  {
    "name": "Require(58) node_modules/egg-sequelize/app.js",
    "start": 1617890422247,
    "end": 1617890422247,
    "duration": 0,
    "pid": 59980,
    "index": 68
  },
  {
    "name": "Require(59) node_modules/egg-jwt/app.js",
    "start": 1617890422247,
    "end": 1617890422269,
    "duration": 22,
    "pid": 59980,
    "index": 69
  },
  {
    "name": "Require(60) node_modules/egg-redis/app.js",
    "start": 1617890422269,
    "end": 1617890422269,
    "duration": 0,
    "pid": 59980,
    "index": 70
  },
  {
    "name": "Require(61) app.js",
    "start": 1617890422270,
    "end": 1617890422270,
    "duration": 0,
    "pid": 59980,
    "index": 71
  },
  {
    "name": "Before Start in node_modules/egg-watcher/lib/init.js:15:14",
    "start": 1617890422277,
    "end": 1617890423366,
    "duration": 1089,
    "pid": 59980,
    "index": 72
  },
  {
    "name": "Before Start in node_modules/egg-mysql/lib/mysql.js:20:7",
    "start": 1617890422396,
    "end": 1617890423395,
    "duration": 999,
    "pid": 59980,
    "index": 73
  },
  {
    "name": "Load \"Symbol(model)\" to Application",
    "start": 1617890422889,
    "end": 1617890422989,
    "duration": 100,
    "pid": 59980,
    "index": 74
  },
  {
    "name": "Before Start in node_modules/egg-sequelize/lib/loader.js:39:7",
    "start": 1617890422997,
    "end": 1617890423494,
    "duration": 497,
    "pid": 59980,
    "index": 75
  },
  {
    "name": "Before Start in node_modules/egg-redis/lib/redis.js:53:7",
    "start": 1617890423048,
    "end": 1617890423365,
    "duration": 317,
    "pid": 59980,
    "index": 76
  },
  {
    "name": "Load Service",
    "start": 1617890423048,
    "end": 1617890423126,
    "duration": 78,
    "pid": 59980,
    "index": 77
  },
  {
    "name": "Load \"service\" to Context",
    "start": 1617890423048,
    "end": 1617890423126,
    "duration": 78,
    "pid": 59980,
    "index": 78
  },
  {
    "name": "Load Middleware",
    "start": 1617890423126,
    "end": 1617890423282,
    "duration": 156,
    "pid": 59980,
    "index": 79
  },
  {
    "name": "Load \"middlewares\" to Application",
    "start": 1617890423126,
    "end": 1617890423235,
    "duration": 109,
    "pid": 59980,
    "index": 80
  },
  {
    "name": "Load Controller",
    "start": 1617890423282,
    "end": 1617890423286,
    "duration": 4,
    "pid": 59980,
    "index": 81
  },
  {
    "name": "Load \"controller\" to Application",
    "start": 1617890423282,
    "end": 1617890423286,
    "duration": 4,
    "pid": 59980,
    "index": 82
  },
  {
    "name": "Load Router",
    "start": 1617890423286,
    "end": 1617890423288,
    "duration": 2,
    "pid": 59980,
    "index": 83
  },
  {
    "name": "Require(62) app/router.js",
    "start": 1617890423286,
    "end": 1617890423286,
    "duration": 0,
    "pid": 59980,
    "index": 84
  },
  {
    "name": "Before Start in node_modules/egg-core/lib/egg.js:303:10",
    "start": 1617890423286,
    "end": 1617890423316,
    "duration": 30,
    "pid": 59980,
    "index": 85
  }
]