[
  {
    "name": "Process Start",
    "start": 1617890319070,
    "end": 1617890319928,
    "duration": 858,
    "pid": 59831,
    "index": 0
  },
  {
    "name": "Application Start",
    "start": 1617890319929,
    "end": 1617890320791,
    "duration": 862,
    "pid": 59831,
    "index": 1
  },
  {
    "name": "Load Plugin",
    "start": 1617890319932,
    "end": 1617890319952,
    "duration": 20,
    "pid": 59831,
    "index": 2
  },
  {
    "name": "Load Config",
    "start": 1617890319952,
    "end": 1617890319980,
    "duration": 28,
    "pid": 59831,
    "index": 3
  },
  {
    "name": "Require(0) config/config.default.js",
    "start": 1617890319952,
    "end": 1617890319953,
    "duration": 1,
    "pid": 59831,
    "index": 4
  },
  {
    "name": "Require(1) node_modules/egg-session/config/config.default.js",
    "start": 1617890319955,
    "end": 1617890319955,
    "duration": 0,
    "pid": 59831,
    "index": 5
  },
  {
    "name": "Require(2) node_modules/egg-security/config/config.default.js",
    "start": 1617890319956,
    "end": 1617890319956,
    "duration": 0,
    "pid": 59831,
    "index": 6
  },
  {
    "name": "Require(3) node_modules/egg-jsonp/config/config.default.js",
    "start": 1617890319957,
    "end": 1617890319958,
    "duration": 1,
    "pid": 59831,
    "index": 7
  },
  {
    "name": "Require(4) node_modules/egg-onerror/config/config.default.js",
    "start": 1617890319958,
    "end": 1617890319958,
    "duration": 0,
    "pid": 59831,
    "index": 8
  },
  {
    "name": "Require(5) node_modules/egg-i18n/config/config.default.js",
    "start": 1617890319959,
    "end": 1617890319959,
    "duration": 0,
    "pid": 59831,
    "index": 9
  },
  {
    "name": "Require(6) node_modules/egg-watcher/config/config.default.js",
    "start": 1617890319959,
    "end": 1617890319962,
    "duration": 3,
    "pid": 59831,
    "index": 10
  },
  {
    "name": "Require(7) node_modules/egg-schedule/config/config.default.js",
    "start": 1617890319962,
    "end": 1617890319962,
    "duration": 0,
    "pid": 59831,
    "index": 11
  },
  {
    "name": "Require(8) node_modules/egg-multipart/config/config.default.js",
    "start": 1617890319963,
    "end": 1617890319963,
    "duration": 0,
    "pid": 59831,
    "index": 12
  },
  {
    "name": "Require(9) node_modules/egg-development/config/config.default.js",
    "start": 1617890319963,
    "end": 1617890319964,
    "duration": 1,
    "pid": 59831,
    "index": 13
  },
  {
    "name": "Require(10) node_modules/egg-logrotator/config/config.default.js",
    "start": 1617890319964,
    "end": 1617890319965,
    "duration": 1,
    "pid": 59831,
    "index": 14
  },
  {
    "name": "Require(11) node_modules/egg-static/config/config.default.js",
    "start": 1617890319965,
    "end": 1617890319966,
    "duration": 1,
    "pid": 59831,
    "index": 15
  },
  {
    "name": "Require(12) node_modules/egg-view/config/config.default.js",
    "start": 1617890319966,
    "end": 1617890319966,
    "duration": 0,
    "pid": 59831,
    "index": 16
  },
  {
    "name": "Require(13) node_modules/egg-validate/config/config.default.js",
    "start": 1617890319967,
    "end": 1617890319967,
    "duration": 0,
    "pid": 59831,
    "index": 17
  },
  {
    "name": "Require(14) node_modules/egg-view-ejs/config/config.default.js",
    "start": 1617890319967,
    "end": 1617890319968,
    "duration": 1,
    "pid": 59831,
    "index": 18
  },
  {
    "name": "Require(15) node_modules/egg-mysql/config/config.default.js",
    "start": 1617890319969,
    "end": 1617890319969,
    "duration": 0,
    "pid": 59831,
    "index": 19
  },
  {
    "name": "Require(16) node_modules/egg-sequelize/config/config.default.js",
    "start": 1617890319969,
    "end": 1617890319970,
    "duration": 1,
    "pid": 59831,
    "index": 20
  },
  {
    "name": "Require(17) node_modules/egg-jwt/config/config.default.js",
    "start": 1617890319970,
    "end": 1617890319971,
    "duration": 1,
    "pid": 59831,
    "index": 21
  },
  {
    "name": "Require(18) node_modules/egg-redis/config/config.default.js",
    "start": 1617890319971,
    "end": 1617890319972,
    "duration": 1,
    "pid": 59831,
    "index": 22
  },
  {
    "name": "Require(19) node_modules/egg/config/config.default.js",
    "start": 1617890319973,
    "end": 1617890319974,
    "duration": 1,
    "pid": 59831,
    "index": 23
  },
  {
    "name": "Require(20) config/config.default.js",
    "start": 1617890319975,
    "end": 1617890319975,
    "duration": 0,
    "pid": 59831,
    "index": 24
  },
  {
    "name": "Require(21) node_modules/egg-security/config/config.local.js",
    "start": 1617890319975,
    "end": 1617890319977,
    "duration": 2,
    "pid": 59831,
    "index": 25
  },
  {
    "name": "Require(22) node_modules/egg-watcher/config/config.local.js",
    "start": 1617890319977,
    "end": 1617890319978,
    "duration": 1,
    "pid": 59831,
    "index": 26
  },
  {
    "name": "Require(23) node_modules/egg-view/config/config.local.js",
    "start": 1617890319978,
    "end": 1617890319979,
    "duration": 1,
    "pid": 59831,
    "index": 27
  },
  {
    "name": "Require(24) node_modules/egg-view-ejs/config/config.local.js",
    "start": 1617890319979,
    "end": 1617890319979,
    "duration": 0,
    "pid": 59831,
    "index": 28
  },
  {
    "name": "Require(25) node_modules/egg/config/config.local.js",
    "start": 1617890319980,
    "end": 1617890319980,
    "duration": 0,
    "pid": 59831,
    "index": 29
  },
  {
    "name": "Load extend/application.js",
    "start": 1617890319981,
    "end": 1617890320030,
    "duration": 49,
    "pid": 59831,
    "index": 30
  },
  {
    "name": "Require(26) node_modules/egg-session/app/extend/application.js",
    "start": 1617890319982,
    "end": 1617890319982,
    "duration": 0,
    "pid": 59831,
    "index": 31
  },
  {
    "name": "Require(27) node_modules/egg-security/app/extend/application.js",
    "start": 1617890319982,
    "end": 1617890319984,
    "duration": 2,
    "pid": 59831,
    "index": 32
  },
  {
    "name": "Require(28) node_modules/egg-jsonp/app/extend/application.js",
    "start": 1617890319984,
    "end": 1617890319985,
    "duration": 1,
    "pid": 59831,
    "index": 33
  },
  {
    "name": "Require(29) node_modules/egg-logrotator/app/extend/application.js",
    "start": 1617890319985,
    "end": 1617890319986,
    "duration": 1,
    "pid": 59831,
    "index": 34
  },
  {
    "name": "Require(30) node_modules/egg-view/app/extend/application.js",
    "start": 1617890319986,
    "end": 1617890319987,
    "duration": 1,
    "pid": 59831,
    "index": 35
  },
  {
    "name": "Require(31) node_modules/egg-jwt/app/extend/application.js",
    "start": 1617890319988,
    "end": 1617890320026,
    "duration": 38,
    "pid": 59831,
    "index": 36
  },
  {
    "name": "Require(32) app/extend/application.js",
    "start": 1617890320027,
    "end": 1617890320027,
    "duration": 0,
    "pid": 59831,
    "index": 37
  },
  {
    "name": "Load extend/request.js",
    "start": 1617890320030,
    "end": 1617890320034,
    "duration": 4,
    "pid": 59831,
    "index": 38
  },
  {
    "name": "Require(33) node_modules/egg/app/extend/request.js",
    "start": 1617890320031,
    "end": 1617890320032,
    "duration": 1,
    "pid": 59831,
    "index": 39
  },
  {
    "name": "Require(34) app/extend/request.js",
    "start": 1617890320032,
    "end": 1617890320033,
    "duration": 1,
    "pid": 59831,
    "index": 40
  },
  {
    "name": "Load extend/response.js",
    "start": 1617890320034,
    "end": 1617890320040,
    "duration": 6,
    "pid": 59831,
    "index": 41
  },
  {
    "name": "Require(35) node_modules/egg/app/extend/response.js",
    "start": 1617890320036,
    "end": 1617890320038,
    "duration": 2,
    "pid": 59831,
    "index": 42
  },
  {
    "name": "Require(36) app/extend/response.js",
    "start": 1617890320038,
    "end": 1617890320039,
    "duration": 1,
    "pid": 59831,
    "index": 43
  },
  {
    "name": "Load extend/context.js",
    "start": 1617890320040,
    "end": 1617890320098,
    "duration": 58,
    "pid": 59831,
    "index": 44
  },
  {
    "name": "Require(37) node_modules/egg-security/app/extend/context.js",
    "start": 1617890320040,
    "end": 1617890320052,
    "duration": 12,
    "pid": 59831,
    "index": 45
  },
  {
    "name": "Require(38) node_modules/egg-jsonp/app/extend/context.js",
    "start": 1617890320053,
    "end": 1617890320054,
    "duration": 1,
    "pid": 59831,
    "index": 46
  },
  {
    "name": "Require(39) node_modules/egg-i18n/app/extend/context.js",
    "start": 1617890320054,
    "end": 1617890320055,
    "duration": 1,
    "pid": 59831,
    "index": 47
  },
  {
    "name": "Require(40) node_modules/egg-multipart/app/extend/context.js",
    "start": 1617890320055,
    "end": 1617890320092,
    "duration": 37,
    "pid": 59831,
    "index": 48
  },
  {
    "name": "Require(41) node_modules/egg-view/app/extend/context.js",
    "start": 1617890320092,
    "end": 1617890320093,
    "duration": 1,
    "pid": 59831,
    "index": 49
  },
  {
    "name": "Require(42) node_modules/egg-validate/app/extend/context.js",
    "start": 1617890320094,
    "end": 1617890320094,
    "duration": 0,
    "pid": 59831,
    "index": 50
  },
  {
    "name": "Require(43) lib/plugin/egg-info/app/extend/context.js",
    "start": 1617890320094,
    "end": 1617890320096,
    "duration": 2,
    "pid": 59831,
    "index": 51
  },
  {
    "name": "Require(44) node_modules/egg/app/extend/context.js",
    "start": 1617890320096,
    "end": 1617890320097,
    "duration": 1,
    "pid": 59831,
    "index": 52
  },
  {
    "name": "Require(45) app/extend/context.js",
    "start": 1617890320097,
    "end": 1617890320097,
    "duration": 0,
    "pid": 59831,
    "index": 53
  },
  {
    "name": "Load extend/helper.js",
    "start": 1617890320098,
    "end": 1617890320120,
    "duration": 22,
    "pid": 59831,
    "index": 54
  },
  {
    "name": "Require(46) node_modules/egg-security/app/extend/helper.js",
    "start": 1617890320099,
    "end": 1617890320115,
    "duration": 16,
    "pid": 59831,
    "index": 55
  },
  {
    "name": "Require(47) node_modules/egg/app/extend/helper.js",
    "start": 1617890320116,
    "end": 1617890320116,
    "duration": 0,
    "pid": 59831,
    "index": 56
  },
  {
    "name": "Require(48) app/extend/helper.js",
    "start": 1617890320116,
    "end": 1617890320118,
    "duration": 2,
    "pid": 59831,
    "index": 57
  },
  {
    "name": "Load app.js",
    "start": 1617890320120,
    "end": 1617890320172,
    "duration": 52,
    "pid": 59831,
    "index": 58
  },
  {
    "name": "Require(49) node_modules/egg-session/app.js",
    "start": 1617890320120,
    "end": 1617890320120,
    "duration": 0,
    "pid": 59831,
    "index": 59
  },
  {
    "name": "Require(50) node_modules/egg-security/app.js",
    "start": 1617890320121,
    "end": 1617890320122,
    "duration": 1,
    "pid": 59831,
    "index": 60
  },
  {
    "name": "Require(51) node_modules/egg-onerror/app.js",
    "start": 1617890320122,
    "end": 1617890320130,
    "duration": 8,
    "pid": 59831,
    "index": 61
  },
  {
    "name": "Require(52) node_modules/egg-i18n/app.js",
    "start": 1617890320130,
    "end": 1617890320140,
    "duration": 10,
    "pid": 59831,
    "index": 62
  },
  {
    "name": "Require(53) node_modules/egg-watcher/app.js",
    "start": 1617890320140,
    "end": 1617890320142,
    "duration": 2,
    "pid": 59831,
    "index": 63
  },
  {
    "name": "Require(54) node_modules/egg-schedule/app.js",
    "start": 1617890320142,
    "end": 1617890320145,
    "duration": 3,
    "pid": 59831,
    "index": 64
  },
  {
    "name": "Require(55) node_modules/egg-multipart/app.js",
    "start": 1617890320146,
    "end": 1617890320146,
    "duration": 0,
    "pid": 59831,
    "index": 65
  },
  {
    "name": "Require(56) node_modules/egg-development/app.js",
    "start": 1617890320146,
    "end": 1617890320146,
    "duration": 0,
    "pid": 59831,
    "index": 66
  },
  {
    "name": "Require(57) node_modules/egg-logrotator/app.js",
    "start": 1617890320147,
    "end": 1617890320147,
    "duration": 0,
    "pid": 59831,
    "index": 67
  },
  {
    "name": "Require(58) node_modules/egg-static/app.js",
    "start": 1617890320147,
    "end": 1617890320147,
    "duration": 0,
    "pid": 59831,
    "index": 68
  },
  {
    "name": "Require(59) node_modules/egg-validate/app.js",
    "start": 1617890320147,
    "end": 1617890320149,
    "duration": 2,
    "pid": 59831,
    "index": 69
  },
  {
    "name": "Require(60) node_modules/egg-view-ejs/app.js",
    "start": 1617890320150,
    "end": 1617890320150,
    "duration": 0,
    "pid": 59831,
    "index": 70
  },
  {
    "name": "Require(61) node_modules/egg-mysql/app.js",
    "start": 1617890320151,
    "end": 1617890320166,
    "duration": 15,
    "pid": 59831,
    "index": 71
  },
  {
    "name": "Require(62) node_modules/egg-sequelize/app.js",
    "start": 1617890320166,
    "end": 1617890320166,
    "duration": 0,
    "pid": 59831,
    "index": 72
  },
  {
    "name": "Require(63) node_modules/egg-jwt/app.js",
    "start": 1617890320166,
    "end": 1617890320167,
    "duration": 1,
    "pid": 59831,
    "index": 73
  },
  {
    "name": "Require(64) node_modules/egg-redis/app.js",
    "start": 1617890320167,
    "end": 1617890320168,
    "duration": 1,
    "pid": 59831,
    "index": 74
  },
  {
    "name": "Require(65) app.js",
    "start": 1617890320172,
    "end": 1617890320172,
    "duration": 0,
    "pid": 59831,
    "index": 75
  },
  {
    "name": "Before Start in node_modules/egg-watcher/lib/init.js:15:14",
    "start": 1617890320179,
    "end": 1617890320781,
    "duration": 602,
    "pid": 59831,
    "index": 76
  },
  {
    "name": "Before Start in node_modules/egg-mysql/lib/mysql.js:20:7",
    "start": 1617890320270,
    "end": 1617890320782,
    "duration": 512,
    "pid": 59831,
    "index": 77
  },
  {
    "name": "Load \"Symbol(model)\" to Application",
    "start": 1617890320556,
    "end": 1617890320578,
    "duration": 22,
    "pid": 59831,
    "index": 78
  },
  {
    "name": "Before Start in node_modules/egg-sequelize/lib/loader.js:39:7",
    "start": 1617890320582,
    "end": 1617890320791,
    "duration": 209,
    "pid": 59831,
    "index": 79
  },
  {
    "name": "Before Start in node_modules/egg-redis/lib/redis.js:53:7",
    "start": 1617890320624,
    "end": 1617890320779,
    "duration": 155,
    "pid": 59831,
    "index": 80
  },
  {
    "name": "Load Service",
    "start": 1617890320625,
    "end": 1617890320636,
    "duration": 11,
    "pid": 59831,
    "index": 81
  },
  {
    "name": "Load \"service\" to Context",
    "start": 1617890320625,
    "end": 1617890320636,
    "duration": 11,
    "pid": 59831,
    "index": 82
  },
  {
    "name": "Load Middleware",
    "start": 1617890320636,
    "end": 1617890320721,
    "duration": 85,
    "pid": 59831,
    "index": 83
  },
  {
    "name": "Load \"middlewares\" to Application",
    "start": 1617890320637,
    "end": 1617890320712,
    "duration": 75,
    "pid": 59831,
    "index": 84
  },
  {
    "name": "Load Controller",
    "start": 1617890320721,
    "end": 1617890320730,
    "duration": 9,
    "pid": 59831,
    "index": 85
  },
  {
    "name": "Load \"controller\" to Application",
    "start": 1617890320721,
    "end": 1617890320730,
    "duration": 9,
    "pid": 59831,
    "index": 86
  },
  {
    "name": "Load Router",
    "start": 1617890320730,
    "end": 1617890320733,
    "duration": 3,
    "pid": 59831,
    "index": 87
  },
  {
    "name": "Require(66) app/router.js",
    "start": 1617890320731,
    "end": 1617890320731,
    "duration": 0,
    "pid": 59831,
    "index": 88
  },
  {
    "name": "Before Start in node_modules/egg-core/lib/egg.js:303:10",
    "start": 1617890320732,
    "end": 1617890320759,
    "duration": 27,
    "pid": 59831,
    "index": 89
  }
]